2026-06-04 17:48:40,989 [background-preinit] INFO  o.h.validator.internal.util.Version                - HV000001: Hibernate Validator 8.0.1.Final
2026-06-04 17:48:41,017 [main] INFO  c.e.s.java.server.JavaServerApplication            - Starting JavaServerApplication using Java 25 with PID 51784 (D:\java_classwork-2--copilot-understand-codebase-structure\java_classwork-2--copilot-understand-codebase-structure\java-server\target\classes started by HP in D:\java_classwork-2--copilot-understand-codebase-structure\java_classwork-2--copilot-understand-codebase-structure\java-server)
2026-06-04 17:48:41,019 [main] INFO  c.e.s.java.server.JavaServerApplication            - No active profile set, falling back to 1 default profile: "default"
2026-06-04 17:48:41,516 [main] INFO  o.s.d.r.c.RepositoryConfigurationDelegate          - Multiple Spring Data modules found, entering strict repository configuration mode
2026-06-04 17:48:41,517 [main] INFO  o.s.d.r.c.RepositoryConfigurationDelegate          - Bootstrapping Spring Data JPA repositories in DEFAULT mode.
2026-06-04 17:48:41,661 [main] INFO  o.s.d.r.c.RepositoryConfigurationDelegate          - Finished Spring Data repository scanning in 138 ms. Found 21 JPA repository interfaces.
2026-06-04 17:48:41,675 [main] INFO  o.s.d.r.c.RepositoryConfigurationDelegate          - Multiple Spring Data modules found, entering strict repository configuration mode
2026-06-04 17:48:41,677 [main] INFO  o.s.d.r.c.RepositoryConfigurationDelegate          - Bootstrapping Spring Data Redis repositories in DEFAULT mode.
2026-06-04 17:48:41,689 [main] INFO  o.s.d.r.c.RepositoryConfigurationExtensionSupport  - Spring Data Redis - Could not safely identify store assignment for repository candidate interface cn.edu.sdu.java.server.repositorys.ApprovalWorkflowRepository; If you want this repository to be a Redis repository, consider annotating your entities with one of these annotations: org.springframework.data.redis.core.RedisHash (preferred), or consider extending one of the following types with your repository: org.springframework.data.keyvalue.repository.KeyValueRepository
2026-06-04 17:48:41,689 [main] INFO  o.s.d.r.c.RepositoryConfigurationExtensionSupport  - Spring Data Redis - Could not safely identify store assignment for repository candidate interface cn.edu.sdu.java.server.repositorys.AttendanceRepository; If you want this repository to be a Redis repository, consider annotating your entities with one of these annotations: org.springframework.data.redis.core.RedisHash (preferred), or consider extending one of the following types with your repository: org.springframework.data.keyvalue.repository.KeyValueRepository
2026-06-04 17:48:41,689 [main] INFO  o.s.d.r.c.RepositoryConfigurationExtensionSupport  - Spring Data Redis - Could not safely identify store assignment for repository candidate interface cn.edu.sdu.java.server.repositorys.CourseRepository; If you want this repository to be a Redis repository, consider annotating your entities with one of these annotations: org.springframework.data.redis.core.RedisHash (preferred), or consider extending one of the following types with your repository: org.springframework.data.keyvalue.repository.KeyValueRepository
2026-06-04 17:48:41,689 [main] INFO  o.s.d.r.c.RepositoryConfigurationExtensionSupport  - Spring Data Redis - Could not safely identify store assignment for repository candidate interface cn.edu.sdu.java.server.repositorys.CourseSelectionRepository; If you want this repository to be a Redis repository, consider annotating your entities with one of these annotations: org.springframework.data.redis.core.RedisHash (preferred), or consider extending one of the following types with your repository: org.springframework.data.keyvalue.repository.KeyValueRepository
2026-06-04 17:48:41,689 [main] INFO  o.s.d.r.c.RepositoryConfigurationExtensionSupport  - Spring Data Redis - Could not safely identify store assignment for repository candidate interface cn.edu.sdu.java.server.repositorys.DictionaryInfoRepository; If you want this repository to be a Redis repository, consider annotating your entities with one of these annotations: org.springframework.data.redis.core.RedisHash (preferred), or consider extending one of the following types with your repository: org.springframework.data.keyvalue.repository.KeyValueRepository
2026-06-04 17:48:41,689 [main] INFO  o.s.d.r.c.RepositoryConfigurationExtensionSupport  - Spring Data Redis - Could not safely identify store assignment for repository candidate interface cn.edu.sdu.java.server.repositorys.FamilyMemberRepository; If you want this repository to be a Redis repository, consider annotating your entities with one of these annotations: org.springframework.data.redis.core.RedisHash (preferred), or consider extending one of the following types with your repository: org.springframework.data.keyvalue.repository.KeyValueRepository
2026-06-04 17:48:41,689 [main] INFO  o.s.d.r.c.RepositoryConfigurationExtensionSupport  - Spring Data Redis - Could not safely identify store assignment for repository candidate interface cn.edu.sdu.java.server.repositorys.FeeRepository; If you want this repository to be a Redis repository, consider annotating your entities with one of these annotations: org.springframework.data.redis.core.RedisHash (preferred), or consider extending one of the following types with your repository: org.springframework.data.keyvalue.repository.KeyValueRepository
2026-06-04 17:48:41,689 [main] INFO  o.s.d.r.c.RepositoryConfigurationExtensionSupport  - Spring Data Redis - Could not safely identify store assignment for repository candidate interface cn.edu.sdu.java.server.repositorys.InnovationAchievementRepository; If you want this repository to be a Redis repository, consider annotating your entities with one of these annotations: org.springframework.data.redis.core.RedisHash (preferred), or consider extending one of the following types with your repository: org.springframework.data.keyvalue.repository.KeyValueRepository
2026-06-04 17:48:41,689 [main] INFO  o.s.d.r.c.RepositoryConfigurationExtensionSupport  - Spring Data Redis - Could not safely identify store assignment for repository candidate interface cn.edu.sdu.java.server.repositorys.MenuInfoRepository; If you want this repository to be a Redis repository, consider annotating your entities with one of these annotations: org.springframework.data.redis.core.RedisHash (preferred), or consider extending one of the following types with your repository: org.springframework.data.keyvalue.repository.KeyValueRepository
2026-06-04 17:48:41,689 [main] INFO  o.s.d.r.c.RepositoryConfigurationExtensionSupport  - Spring Data Redis - Could not safely identify store assignment for repository candidate interface cn.edu.sdu.java.server.repositorys.ModifyLogRepository; If you want this repository to be a Redis repository, consider annotating your entities with one of these annotations: org.springframework.data.redis.core.RedisHash (preferred), or consider extending one of the following types with your repository: org.springframework.data.keyvalue.repository.KeyValueRepository
2026-06-04 17:48:41,691 [main] INFO  o.s.d.r.c.RepositoryConfigurationExtensionSupport  - Spring Data Redis - Could not safely identify store assignment for repository candidate interface cn.edu.sdu.java.server.repositorys.PersonRepository; If you want this repository to be a Redis repository, consider annotating your entities with one of these annotations: org.springframework.data.redis.core.RedisHash (preferred), or consider extending one of the following types with your repository: org.springframework.data.keyvalue.repository.KeyValueRepository
2026-06-04 17:48:41,691 [main] INFO  o.s.d.r.c.RepositoryConfigurationExtensionSupport  - Spring Data Redis - Could not safely identify store assignment for repository candidate interface cn.edu.sdu.java.server.repositorys.ScoreRepository; If you want this repository to be a Redis repository, consider annotating your entities with one of these annotations: org.springframework.data.redis.core.RedisHash (preferred), or consider extending one of the following types with your repository: org.springframework.data.keyvalue.repository.KeyValueRepository
2026-06-04 17:48:41,691 [main] INFO  o.s.d.r.c.RepositoryConfigurationExtensionSupport  - Spring Data Redis - Could not safely identify store assignment for repository candidate interface cn.edu.sdu.java.server.repositorys.ScoreSubmissionRepository; If you want this repository to be a Redis repository, consider annotating your entities with one of these annotations: org.springframework.data.redis.core.RedisHash (preferred), or consider extending one of the following types with your repository: org.springframework.data.keyvalue.repository.KeyValueRepository
2026-06-04 17:48:41,691 [main] INFO  o.s.d.r.c.RepositoryConfigurationExtensionSupport  - Spring Data Redis - Could not safely identify store assignment for repository candidate interface cn.edu.sdu.java.server.repositorys.StatisticsDayRepository; If you want this repository to be a Redis repository, consider annotating your entities with one of these annotations: org.springframework.data.redis.core.RedisHash (preferred), or consider extending one of the following types with your repository: org.springframework.data.keyvalue.repository.KeyValueRepository
2026-06-04 17:48:41,691 [main] INFO  o.s.d.r.c.RepositoryConfigurationExtensionSupport  - Spring Data Redis - Could not safely identify store assignment for repository candidate interface cn.edu.sdu.java.server.repositorys.StudentLeaveRepository; If you want this repository to be a Redis repository, consider annotating your entities with one of these annotations: org.springframework.data.redis.core.RedisHash (preferred), or consider extending one of the following types with your repository: org.springframework.data.keyvalue.repository.KeyValueRepository
2026-06-04 17:48:41,691 [main] INFO  o.s.d.r.c.RepositoryConfigurationExtensionSupport  - Spring Data Redis - Could not safely identify store assignment for repository candidate interface cn.edu.sdu.java.server.repositorys.StudentRepository; If you want this repository to be a Redis repository, consider annotating your entities with one of these annotations: org.springframework.data.redis.core.RedisHash (preferred), or consider extending one of the following types with your repository: org.springframework.data.keyvalue.repository.KeyValueRepository
2026-06-04 17:48:41,691 [main] INFO  o.s.d.r.c.RepositoryConfigurationExtensionSupport  - Spring Data Redis - Could not safely identify store assignment for repository candidate interface cn.edu.sdu.java.server.repositorys.StudentStatisticsRepository; If you want this repository to be a Redis repository, consider annotating your entities with one of these annotations: org.springframework.data.redis.core.RedisHash (preferred), or consider extending one of the following types with your repository: org.springframework.data.keyvalue.repository.KeyValueRepository
2026-06-04 17:48:41,691 [main] INFO  o.s.d.r.c.RepositoryConfigurationExtensionSupport  - Spring Data Redis - Could not safely identify store assignment for repository candidate interface cn.edu.sdu.java.server.repositorys.SystemInfoRepository; If you want this repository to be a Redis repository, consider annotating your entities with one of these annotations: org.springframework.data.redis.core.RedisHash (preferred), or consider extending one of the following types with your repository: org.springframework.data.keyvalue.repository.KeyValueRepository
2026-06-04 17:48:41,691 [main] INFO  o.s.d.r.c.RepositoryConfigurationExtensionSupport  - Spring Data Redis - Could not safely identify store assignment for repository candidate interface cn.edu.sdu.java.server.repositorys.TeacherRepository; If you want this repository to be a Redis repository, consider annotating your entities with one of these annotations: org.springframework.data.redis.core.RedisHash (preferred), or consider extending one of the following types with your repository: org.springframework.data.keyvalue.repository.KeyValueRepository
2026-06-04 17:48:41,691 [main] INFO  o.s.d.r.c.RepositoryConfigurationExtensionSupport  - Spring Data Redis - Could not safely identify store assignment for repository candidate interface cn.edu.sdu.java.server.repositorys.UserRepository; If you want this repository to be a Redis repository, consider annotating your entities with one of these annotations: org.springframework.data.redis.core.RedisHash (preferred), or consider extending one of the following types with your repository: org.springframework.data.keyvalue.repository.KeyValueRepository
2026-06-04 17:48:41,691 [main] INFO  o.s.d.r.c.RepositoryConfigurationExtensionSupport  - Spring Data Redis - Could not safely identify store assignment for repository candidate interface cn.edu.sdu.java.server.repositorys.UserTypeRepository; If you want this repository to be a Redis repository, consider annotating your entities with one of these annotations: org.springframework.data.redis.core.RedisHash (preferred), or consider extending one of the following types with your repository: org.springframework.data.keyvalue.repository.KeyValueRepository
2026-06-04 17:48:41,691 [main] INFO  o.s.d.r.c.RepositoryConfigurationDelegate          - Finished Spring Data repository scanning in 6 ms. Found 0 Redis repository interfaces.
2026-06-04 17:48:42,030 [main] INFO  o.s.b.w.embedded.tomcat.TomcatWebServer            - Tomcat initialized with port 22222 (http)
2026-06-04 17:48:42,039 [main] INFO  o.apache.coyote.http11.Http11NioProtocol           - Initializing ProtocolHandler ["http-nio-22222"]
2026-06-04 17:48:42,039 [main] INFO  o.apache.catalina.core.StandardService             - Starting service [Tomcat]
2026-06-04 17:48:42,039 [main] INFO  org.apache.catalina.core.StandardEngine            - Starting Servlet engine: [Apache Tomcat/10.1.20]
2026-06-04 17:48:42,075 [main] INFO  o.a.c.c.C.[Tomcat].[localhost].[/]                 - Initializing Spring embedded WebApplicationContext
2026-06-04 17:48:42,075 [main] INFO  o.s.b.w.s.c.ServletWebServerApplicationContext     - Root WebApplicationContext: initialization completed in 1031 ms
2026-06-04 17:48:42,153 [main] INFO  o.hibernate.jpa.internal.util.LogHelper            - HHH000204: Processing PersistenceUnitInfo [name: default]
2026-06-04 17:48:42,193 [main] INFO  org.hibernate.Version                              - HHH000412: Hibernate ORM core version 6.4.4.Final
2026-06-04 17:48:42,215 [main] INFO  o.h.c.internal.RegionFactoryInitiator              - HHH000026: Second-level cache disabled
2026-06-04 17:48:42,369 [main] INFO  o.s.o.j.p.SpringPersistenceUnitInfo                - No LoadTimeWeaver setup: ignoring JPA class transformer
2026-06-04 17:48:42,387 [main] INFO  com.zaxxer.hikari.HikariDataSource                 - HikariPool-1 - Starting...
2026-06-04 17:48:42,503 [main] INFO  com.zaxxer.hikari.pool.HikariPool                  - HikariPool-1 - Added connection com.mysql.cj.jdbc.ConnectionImpl@11295cb1
2026-06-04 17:48:42,504 [main] INFO  com.zaxxer.hikari.HikariDataSource                 - HikariPool-1 - Start completed.
2026-06-04 17:48:42,540 [main] WARN  org.hibernate.orm.deprecation                      - HHH90000025: MySQL8Dialect does not need to be specified explicitly using 'hibernate.dialect' (remove the property setting and it will be selected by default)
2026-06-04 17:48:42,540 [main] WARN  org.hibernate.orm.deprecation                      - HHH90000026: MySQL8Dialect has been deprecated; use org.hibernate.dialect.MySQLDialect instead
2026-06-04 17:48:43,244 [main] INFO  o.h.e.t.j.p.i.JtaPlatformInitiator                 - HHH000489: No JTA platform available (set 'hibernate.transaction.jta.platform' to enable JTA platform integration)
2026-06-04 17:48:43,730 [main] INFO  o.s.o.j.LocalContainerEntityManagerFactoryBean     - Initialized JPA EntityManagerFactory for persistence unit 'default'
2026-06-04 17:48:43,883 [main] INFO  o.s.d.j.r.query.QueryEnhancerFactory               - Hibernate is in classpath; If applicable, HQL parser will be used.
2026-06-04 17:48:44,108 [main] WARN  o.s.b.a.o.j.JpaBaseConfiguration$JpaWebConfiguration - spring.jpa.open-in-view is enabled by default. Therefore, database queries may be performed during view rendering. Explicitly configure spring.jpa.open-in-view to disable this warning
2026-06-04 17:48:44,685 [main] INFO  o.s.b.a.w.s.WelcomePageHandlerMapping              - Adding welcome page: class path resource [public/index.html]
2026-06-04 17:48:44,782 [main] INFO  o.s.s.web.DefaultSecurityFilterChain               - Will secure any request with [org.springframework.security.web.session.DisableEncodeUrlFilter@21238ffe, org.springframework.security.web.context.request.async.WebAsyncManagerIntegrationFilter@2f499565, org.springframework.security.web.context.SecurityContextHolderFilter@193c3354, org.springframework.security.web.header.HeaderWriterFilter@5b6d1e80, org.springframework.web.filter.CorsFilter@7a2256bb, org.springframework.security.web.authentication.logout.LogoutFilter@7a615950, cn.edu.sdu.java.server.configs.JwtAuthenticationFilter@36b5dbdf, org.springframework.security.web.savedrequest.RequestCacheAwareFilter@7cef2f2d, org.springframework.security.web.servletapi.SecurityContextHolderAwareRequestFilter@703b2538, org.springframework.security.web.authentication.AnonymousAuthenticationFilter@2ee18aca, org.springframework.security.web.session.SessionManagementFilter@5680639f, org.springframework.security.web.access.ExceptionTranslationFilter@8b2f35c, org.springframework.security.web.access.intercept.AuthorizationFilter@1872c2d5]
2026-06-04 17:48:45,092 [main] INFO  o.apache.coyote.http11.Http11NioProtocol           - Starting ProtocolHandler ["http-nio-22222"]
2026-06-04 17:48:45,102 [main] INFO  o.s.b.w.embedded.tomcat.TomcatWebServer            - Tomcat started on port 22222 (http) with context path ''
2026-06-04 17:48:45,105 [main] INFO  c.e.s.java.server.JavaServerApplication            - Started JavaServerApplication in 4.478 seconds (process running for 4.939)
2026-06-04 17:48:45,108 [main] INFO  c.e.s.j.server.SystemApplicationListener           - org.springframework.boot.context.event.ApplicationReadyEvent[source=org.springframework.boot.SpringApplication@3d9349a0]
2026-06-04 17:48:45,108 [main] INFO  c.e.s.j.server.SystemApplicationListener           - SystemInitStart
2026-06-04 17:48:45,275 [main] INFO  c.e.s.j.server.SystemApplicationListener           - systemInitEnd
2026-06-04 17:49:44,439 [http-nio-22222-exec-1] INFO  o.a.c.c.C.[Tomcat].[localhost].[/]                 - Initializing Spring DispatcherServlet 'dispatcherServlet'
2026-06-04 17:49:44,441 [http-nio-22222-exec-1] INFO  o.s.web.servlet.DispatcherServlet                  - Initializing Servlet 'dispatcherServlet'
2026-06-04 17:49:44,441 [http-nio-22222-exec-1] INFO  o.s.web.servlet.DispatcherServlet                  - Completed initialization in 0 ms
2026-06-04 17:49:44,928 [http-nio-22222-exec-5] INFO  c.e.s.j.s.c.JwtAuthenticationFilter                - /api/base/getDataBaseUserName,2022030001,2026-06-04 17:49:44,0.046
2026-06-04 17:49:45,005 [http-nio-22222-exec-4] INFO  c.e.s.j.s.c.JwtAuthenticationFilter                - /api/base/getMenuList,2022030001,2026-06-04 17:49:44,0.072
2026-06-04 17:49:45,293 [http-nio-22222-exec-10] INFO  c.e.s.j.s.c.JwtAuthenticationFilter                - /api/base/getDataBaseUserName,2022030001,2026-06-04 17:49:45,0.102
2026-06-04 17:49:45,358 [http-nio-22222-exec-6] INFO  c.e.s.j.s.c.JwtAuthenticationFilter                - /api/base/getMenuList,2022030001,2026-06-04 17:49:45,0.061
2026-06-04 17:49:45,609 [http-nio-22222-exec-7] INFO  c.e.s.j.s.c.JwtAuthenticationFilter                - /api/base/getDataBaseUserName,admin,2026-06-04 17:49:45,0.024
2026-06-04 17:49:45,729 [http-nio-22222-exec-9] INFO  c.e.s.j.s.c.JwtAuthenticationFilter                - /api/base/getMenuList,admin,2026-06-04 17:49:45,0.115
2026-06-04 17:49:53,026 [http-nio-22222-exec-8] INFO  c.e.s.j.s.c.JwtAuthenticationFilter                - /api/base/getDataBaseUserName,admin,2026-06-04 17:49:53,0.022
2026-06-04 17:49:53,135 [http-nio-22222-exec-7] INFO  c.e.s.j.s.c.JwtAuthenticationFilter                - /api/base/getMenuList,admin,2026-06-04 17:49:53,0.104
2026-06-04 17:49:59,472 [http-nio-22222-exec-3] INFO  c.e.s.j.s.c.JwtAuthenticationFilter                - /api/base/getMenuTreeNodeList,admin,2026-06-04 17:49:59,0.096
2026-06-04 17:49:59,851 [http-nio-22222-exec-5] INFO  c.e.s.j.s.c.JwtAuthenticationFilter                - /api/base/getMenuTreeNodeList,admin,2026-06-04 17:49:59,0.112
2026-06-04 17:50:00,263 [http-nio-22222-exec-1] INFO  c.e.s.j.s.c.JwtAuthenticationFilter                - /api/base/getMenuTreeNodeList,admin,2026-06-04 17:50:00,0.11
2026-06-04 17:50:00,655 [http-nio-22222-exec-2] INFO  c.e.s.j.s.c.JwtAuthenticationFilter                - /api/base/getDictionaryTreeNodeList,admin,2026-06-04 17:50:00,0.046
2026-06-04 17:50:00,830 [http-nio-22222-exec-4] INFO  c.e.s.j.s.c.JwtAuthenticationFilter                - /api/base/getDictionaryTreeNodeList,admin,2026-06-04 17:50:00,0.04
2026-06-04 17:50:01,210 [http-nio-22222-exec-6] INFO  c.e.s.j.s.c.JwtAuthenticationFilter                - /api/base/getDictionaryTreeNodeList,admin,2026-06-04 17:50:01,0.046
2026-06-04 17:50:02,645 [http-nio-22222-exec-8] INFO  c.e.s.j.s.c.JwtAuthenticationFilter                - /api/student/getStudentList,admin,2026-06-04 17:50:02,0.046
2026-06-04 17:50:02,710 [http-nio-22222-exec-7] INFO  c.e.s.j.s.c.JwtAuthenticationFilter                - /api/base/getDictionaryOptionItemList,admin,2026-06-04 17:50:02,0.06
2026-06-04 17:50:13,250 [http-nio-22222-exec-8] INFO  c.e.s.j.s.c.JwtAuthenticationFilter                - /api/teacher/getTeacherList,admin,2026-06-04 17:50:13,0.037
2026-06-04 17:50:13,278 [http-nio-22222-exec-7] INFO  c.e.s.j.s.c.JwtAuthenticationFilter                - /api/base/getDictionaryOptionItemList,admin,2026-06-04 17:50:13,0.024
2026-06-04 17:50:19,346 [http-nio-22222-exec-10] INFO  c.e.s.j.s.c.JwtAuthenticationFilter                - /api/course/getCourseList,admin,2026-06-04 17:50:19,0.035
2026-06-04 17:50:22,130 [http-nio-22222-exec-9] INFO  c.e.s.j.s.c.JwtAuthenticationFilter                - /api/score/getStudentItemOptionList,admin,2026-06-04 17:50:22,0.039
2026-06-04 17:50:22,176 [http-nio-22222-exec-2] INFO  c.e.s.j.s.c.JwtAuthenticationFilter                - /api/score/getCourseItemOptionList,admin,2026-06-04 17:50:22,0.041
2026-06-04 17:50:22,229 [http-nio-22222-exec-4] INFO  c.e.s.j.s.c.JwtAuthenticationFilter                - /api/score/getScoreList,admin,2026-06-04 17:50:22,0.048
2026-06-04 17:50:25,172 [http-nio-22222-exec-3] INFO  c.e.s.j.s.c.JwtAuthenticationFilter                - /api/courseSelection/all,admin,2026-06-04 17:50:25,0.056
2026-06-04 17:50:26,690 [http-nio-22222-exec-1] INFO  c.e.s.j.s.c.JwtAuthenticationFilter                - /api/attendance/all,admin,2026-06-04 17:50:26,0.054
2026-06-04 17:50:27,670 [http-nio-22222-exec-2] INFO  c.e.s.j.s.c.JwtAuthenticationFilter                - /api/innovationAchievement/all,admin,2026-06-04 17:50:27,0.042
2026-06-04 17:50:28,761 [http-nio-22222-exec-7] WARN  o.s.w.s.m.s.DefaultHandlerExceptionResolver        - Resolved [org.springframework.web.HttpRequestMethodNotSupportedException: Request method 'POST' is not supported]
2026-06-04 17:50:28,761 [http-nio-22222-exec-7] INFO  c.e.s.j.s.c.JwtAuthenticationFilter                - /api/approvalWorkflow/all,admin,2026-06-04 17:50:28,0.027
2026-06-04 17:50:29,587 [http-nio-22222-exec-6] WARN  o.s.w.s.m.s.DefaultHandlerExceptionResolver        - Resolved [org.springframework.web.HttpRequestMethodNotSupportedException: Request method 'POST' is not supported]
2026-06-04 17:50:29,587 [http-nio-22222-exec-6] INFO  c.e.s.j.s.c.JwtAuthenticationFilter                - /api/scoreSubmission/all,admin,2026-06-04 17:50:29,0.023
2026-06-04 17:51:54,027 [http-nio-22222-exec-10] INFO  c.e.s.j.s.c.JwtAuthenticationFilter                - /api/base/getDataBaseUserName,2022030001,2026-06-04 17:51:54,0.023
2026-06-04 17:51:54,087 [http-nio-22222-exec-1] INFO  c.e.s.j.s.c.JwtAuthenticationFilter                - /api/base/getMenuList,2022030001,2026-06-04 17:51:54,0.055
2026-06-04 17:51:54,803 [http-nio-22222-exec-2] INFO  c.e.s.j.s.c.JwtAuthenticationFilter                - /api/base/getDataBaseUserName,2022030001,2026-06-04 17:51:54,0.022
2026-06-04 17:51:54,858 [http-nio-22222-exec-4] INFO  c.e.s.j.s.c.JwtAuthenticationFilter                - /api/base/getMenuList,2022030001,2026-06-04 17:51:54,0.051
2026-06-04 17:53:45,119 [background-preinit] INFO  o.h.validator.internal.util.Version                - HV000001: Hibernate Validator 8.0.1.Final
2026-06-04 17:53:45,139 [main] INFO  c.e.s.java.server.JavaServerApplication            - Starting JavaServerApplication using Java 25 with PID 50492 (D:\java_classwork-2--copilot-understand-codebase-structure\java_classwork-2--copilot-understand-codebase-structure\java-server\target\classes started by HP in D:\java_classwork-2--copilot-understand-codebase-structure\java_classwork-2--copilot-understand-codebase-structure\java-server)
2026-06-04 17:53:45,139 [main] INFO  c.e.s.java.server.JavaServerApplication            - No active profile set, falling back to 1 default profile: "default"
2026-06-04 17:53:45,512 [main] INFO  o.s.d.r.c.RepositoryConfigurationDelegate          - Multiple Spring Data modules found, entering strict repository configuration mode
2026-06-04 17:53:45,512 [main] INFO  o.s.d.r.c.RepositoryConfigurationDelegate          - Bootstrapping Spring Data JPA repositories in DEFAULT mode.
2026-06-04 17:53:45,604 [main] INFO  o.s.d.r.c.RepositoryConfigurationDelegate          - Finished Spring Data repository scanning in 88 ms. Found 21 JPA repository interfaces.
2026-06-04 17:53:45,614 [main] INFO  o.s.d.r.c.RepositoryConfigurationDelegate          - Multiple Spring Data modules found, entering strict repository configuration mode
2026-06-04 17:53:45,615 [main] INFO  o.s.d.r.c.RepositoryConfigurationDelegate          - Bootstrapping Spring Data Redis repositories in DEFAULT mode.
2026-06-04 17:53:45,630 [main] INFO  o.s.d.r.c.RepositoryConfigurationExtensionSupport  - Spring Data Redis - Could not safely identify store assignment for repository candidate interface cn.edu.sdu.java.server.repositorys.ApprovalWorkflowRepository; If you want this repository to be a Redis repository, consider annotating your entities with one of these annotations: org.springframework.data.redis.core.RedisHash (preferred), or consider extending one of the following types with your repository: org.springframework.data.keyvalue.repository.KeyValueRepository
2026-06-04 17:53:45,630 [main] INFO  o.s.d.r.c.RepositoryConfigurationExtensionSupport  - Spring Data Redis - Could not safely identify store assignment for repository candidate interface cn.edu.sdu.java.server.repositorys.AttendanceRepository; If you want this repository to be a Redis repository, consider annotating your entities with one of these annotations: org.springframework.data.redis.core.RedisHash (preferred), or consider extending one of the following types with your repository: org.springframework.data.keyvalue.repository.KeyValueRepository
2026-06-04 17:53:45,630 [main] INFO  o.s.d.r.c.RepositoryConfigurationExtensionSupport  - Spring Data Redis - Could not safely identify store assignment for repository candidate interface cn.edu.sdu.java.server.repositorys.CourseRepository; If you want this repository to be a Redis repository, consider annotating your entities with one of these annotations: org.springframework.data.redis.core.RedisHash (preferred), or consider extending one of the following types with your repository: org.springframework.data.keyvalue.repository.KeyValueRepository
2026-06-04 17:53:45,631 [main] INFO  o.s.d.r.c.RepositoryConfigurationExtensionSupport  - Spring Data Redis - Could not safely identify store assignment for repository candidate interface cn.edu.sdu.java.server.repositorys.CourseSelectionRepository; If you want this repository to be a Redis repository, consider annotating your entities with one of these annotations: org.springframework.data.redis.core.RedisHash (preferred), or consider extending one of the following types with your repository: org.springframework.data.keyvalue.repository.KeyValueRepository
2026-06-04 17:53:45,631 [main] INFO  o.s.d.r.c.RepositoryConfigurationExtensionSupport  - Spring Data Redis - Could not safely identify store assignment for repository candidate interface cn.edu.sdu.java.server.repositorys.DictionaryInfoRepository; If you want this repository to be a Redis repository, consider annotating your entities with one of these annotations: org.springframework.data.redis.core.RedisHash (preferred), or consider extending one of the following types with your repository: org.springframework.data.keyvalue.repository.KeyValueRepository
2026-06-04 17:53:45,631 [main] INFO  o.s.d.r.c.RepositoryConfigurationExtensionSupport  - Spring Data Redis - Could not safely identify store assignment for repository candidate interface cn.edu.sdu.java.server.repositorys.FamilyMemberRepository; If you want this repository to be a Redis repository, consider annotating your entities with one of these annotations: org.springframework.data.redis.core.RedisHash (preferred), or consider extending one of the following types with your repository: org.springframework.data.keyvalue.repository.KeyValueRepository
2026-06-04 17:53:45,632 [main] INFO  o.s.d.r.c.RepositoryConfigurationExtensionSupport  - Spring Data Redis - Could not safely identify store assignment for repository candidate interface cn.edu.sdu.java.server.repositorys.FeeRepository; If you want this repository to be a Redis repository, consider annotating your entities with one of these annotations: org.springframework.data.redis.core.RedisHash (preferred), or consider extending one of the following types with your repository: org.springframework.data.keyvalue.repository.KeyValueRepository
2026-06-04 17:53:45,632 [main] INFO  o.s.d.r.c.RepositoryConfigurationExtensionSupport  - Spring Data Redis - Could not safely identify store assignment for repository candidate interface cn.edu.sdu.java.server.repositorys.InnovationAchievementRepository; If you want this repository to be a Redis repository, consider annotating your entities with one of these annotations: org.springframework.data.redis.core.RedisHash (preferred), or consider extending one of the following types with your repository: org.springframework.data.keyvalue.repository.KeyValueRepository
2026-06-04 17:53:45,632 [main] INFO  o.s.d.r.c.RepositoryConfigurationExtensionSupport  - Spring Data Redis - Could not safely identify store assignment for repository candidate interface cn.edu.sdu.java.server.repositorys.MenuInfoRepository; If you want this repository to be a Redis repository, consider annotating your entities with one of these annotations: org.springframework.data.redis.core.RedisHash (preferred), or consider extending one of the following types with your repository: org.springframework.data.keyvalue.repository.KeyValueRepository
2026-06-04 17:53:45,632 [main] INFO  o.s.d.r.c.RepositoryConfigurationExtensionSupport  - Spring Data Redis - Could not safely identify store assignment for repository candidate interface cn.edu.sdu.java.server.repositorys.ModifyLogRepository; If you want this repository to be a Redis repository, consider annotating your entities with one of these annotations: org.springframework.data.redis.core.RedisHash (preferred), or consider extending one of the following types with your repository: org.springframework.data.keyvalue.repository.KeyValueRepository
2026-06-04 17:53:45,632 [main] INFO  o.s.d.r.c.RepositoryConfigurationExtensionSupport  - Spring Data Redis - Could not safely identify store assignment for repository candidate interface cn.edu.sdu.java.server.repositorys.PersonRepository; If you want this repository to be a Redis repository, consider annotating your entities with one of these annotations: org.springframework.data.redis.core.RedisHash (preferred), or consider extending one of the following types with your repository: org.springframework.data.keyvalue.repository.KeyValueRepository
2026-06-04 17:53:45,632 [main] INFO  o.s.d.r.c.RepositoryConfigurationExtensionSupport  - Spring Data Redis - Could not safely identify store assignment for repository candidate interface cn.edu.sdu.java.server.repositorys.ScoreRepository; If you want this repository to be a Redis repository, consider annotating your entities with one of these annotations: org.springframework.data.redis.core.RedisHash (preferred), or consider extending one of the following types with your repository: org.springframework.data.keyvalue.repository.KeyValueRepository
2026-06-04 17:53:45,633 [main] INFO  o.s.d.r.c.RepositoryConfigurationExtensionSupport  - Spring Data Redis - Could not safely identify store assignment for repository candidate interface cn.edu.sdu.java.server.repositorys.ScoreSubmissionRepository; If you want this repository to be a Redis repository, consider annotating your entities with one of these annotations: org.springframework.data.redis.core.RedisHash (preferred), or consider extending one of the following types with your repository: org.springframework.data.keyvalue.repository.KeyValueRepository
2026-06-04 17:53:45,633 [main] INFO  o.s.d.r.c.RepositoryConfigurationExtensionSupport  - Spring Data Redis - Could not safely identify store assignment for repository candidate interface cn.edu.sdu.java.server.repositorys.StatisticsDayRepository; If you want this repository to be a Redis repository, consider annotating your entities with one of these annotations: org.springframework.data.redis.core.RedisHash (preferred), or consider extending one of the following types with your repository: org.springframework.data.keyvalue.repository.KeyValueRepository
2026-06-04 17:53:45,633 [main] INFO  o.s.d.r.c.RepositoryConfigurationExtensionSupport  - Spring Data Redis - Could not safely identify store assignment for repository candidate interface cn.edu.sdu.java.server.repositorys.StudentLeaveRepository; If you want this repository to be a Redis repository, consider annotating your entities with one of these annotations: org.springframework.data.redis.core.RedisHash (preferred), or consider extending one of the following types with your repository: org.springframework.data.keyvalue.repository.KeyValueRepository
2026-06-04 17:53:45,633 [main] INFO  o.s.d.r.c.RepositoryConfigurationExtensionSupport  - Spring Data Redis - Could not safely identify store assignment for repository candidate interface cn.edu.sdu.java.server.repositorys.StudentRepository; If you want this repository to be a Redis repository, consider annotating your entities with one of these annotations: org.springframework.data.redis.core.RedisHash (preferred), or consider extending one of the following types with your repository: org.springframework.data.keyvalue.repository.KeyValueRepository
2026-06-04 17:53:45,633 [main] INFO  o.s.d.r.c.RepositoryConfigurationExtensionSupport  - Spring Data Redis - Could not safely identify store assignment for repository candidate interface cn.edu.sdu.java.server.repositorys.StudentStatisticsRepository; If you want this repository to be a Redis repository, consider annotating your entities with one of these annotations: org.springframework.data.redis.core.RedisHash (preferred), or consider extending one of the following types with your repository: org.springframework.data.keyvalue.repository.KeyValueRepository
2026-06-04 17:53:45,633 [main] INFO  o.s.d.r.c.RepositoryConfigurationExtensionSupport  - Spring Data Redis - Could not safely identify store assignment for repository candidate interface cn.edu.sdu.java.server.repositorys.SystemInfoRepository; If you want this repository to be a Redis repository, consider annotating your entities with one of these annotations: org.springframework.data.redis.core.RedisHash (preferred), or consider extending one of the following types with your repository: org.springframework.data.keyvalue.repository.KeyValueRepository
2026-06-04 17:53:45,633 [main] INFO  o.s.d.r.c.RepositoryConfigurationExtensionSupport  - Spring Data Redis - Could not safely identify store assignment for repository candidate interface cn.edu.sdu.java.server.repositorys.TeacherRepository; If you want this repository to be a Redis repository, consider annotating your entities with one of these annotations: org.springframework.data.redis.core.RedisHash (preferred), or consider extending one of the following types with your repository: org.springframework.data.keyvalue.repository.KeyValueRepository
2026-06-04 17:53:45,633 [main] INFO  o.s.d.r.c.RepositoryConfigurationExtensionSupport  - Spring Data Redis - Could not safely identify store assignment for repository candidate interface cn.edu.sdu.java.server.repositorys.UserRepository; If you want this repository to be a Redis repository, consider annotating your entities with one of these annotations: org.springframework.data.redis.core.RedisHash (preferred), or consider extending one of the following types with your repository: org.springframework.data.keyvalue.repository.KeyValueRepository
2026-06-04 17:53:45,635 [main] INFO  o.s.d.r.c.RepositoryConfigurationExtensionSupport  - Spring Data Redis - Could not safely identify store assignment for repository candidate interface cn.edu.sdu.java.server.repositorys.UserTypeRepository; If you want this repository to be a Redis repository, consider annotating your entities with one of these annotations: org.springframework.data.redis.core.RedisHash (preferred), or consider extending one of the following types with your repository: org.springframework.data.keyvalue.repository.KeyValueRepository
2026-06-04 17:53:45,635 [main] INFO  o.s.d.r.c.RepositoryConfigurationDelegate          - Finished Spring Data repository scanning in 9 ms. Found 0 Redis repository interfaces.
2026-06-04 17:53:45,917 [main] INFO  o.s.b.w.embedded.tomcat.TomcatWebServer            - Tomcat initialized with port 22222 (http)
2026-06-04 17:53:45,925 [main] INFO  o.apache.coyote.http11.Http11NioProtocol           - Initializing ProtocolHandler ["http-nio-22222"]
2026-06-04 17:53:45,927 [main] INFO  o.apache.catalina.core.StandardService             - Starting service [Tomcat]
2026-06-04 17:53:45,927 [main] INFO  org.apache.catalina.core.StandardEngine            - Starting Servlet engine: [Apache Tomcat/10.1.20]
2026-06-04 17:53:45,996 [main] INFO  o.a.c.c.C.[Tomcat].[localhost].[/]                 - Initializing Spring embedded WebApplicationContext
2026-06-04 17:53:45,996 [main] INFO  o.s.b.w.s.c.ServletWebServerApplicationContext     - Root WebApplicationContext: initialization completed in 834 ms
2026-06-04 17:53:46,071 [main] INFO  o.hibernate.jpa.internal.util.LogHelper            - HHH000204: Processing PersistenceUnitInfo [name: default]
2026-06-04 17:53:46,103 [main] INFO  org.hibernate.Version                              - HHH000412: Hibernate ORM core version 6.4.4.Final
2026-06-04 17:53:46,125 [main] INFO  o.h.c.internal.RegionFactoryInitiator              - HHH000026: Second-level cache disabled
2026-06-04 17:53:46,253 [main] INFO  o.s.o.j.p.SpringPersistenceUnitInfo                - No LoadTimeWeaver setup: ignoring JPA class transformer
2026-06-04 17:53:46,270 [main] INFO  com.zaxxer.hikari.HikariDataSource                 - HikariPool-1 - Starting...
2026-06-04 17:53:46,389 [main] INFO  com.zaxxer.hikari.pool.HikariPool                  - HikariPool-1 - Added connection com.mysql.cj.jdbc.ConnectionImpl@857f74a
2026-06-04 17:53:46,391 [main] INFO  com.zaxxer.hikari.HikariDataSource                 - HikariPool-1 - Start completed.
2026-06-04 17:53:46,424 [main] WARN  org.hibernate.orm.deprecation                      - HHH90000025: MySQL8Dialect does not need to be specified explicitly using 'hibernate.dialect' (remove the property setting and it will be selected by default)
2026-06-04 17:53:46,424 [main] WARN  org.hibernate.orm.deprecation                      - HHH90000026: MySQL8Dialect has been deprecated; use org.hibernate.dialect.MySQLDialect instead
2026-06-04 17:53:47,102 [main] INFO  o.h.e.t.j.p.i.JtaPlatformInitiator                 - HHH000489: No JTA platform available (set 'hibernate.transaction.jta.platform' to enable JTA platform integration)
2026-06-04 17:53:47,718 [main] INFO  o.s.o.j.LocalContainerEntityManagerFactoryBean     - Initialized JPA EntityManagerFactory for persistence unit 'default'
2026-06-04 17:53:47,854 [main] INFO  o.s.d.j.r.query.QueryEnhancerFactory               - Hibernate is in classpath; If applicable, HQL parser will be used.
2026-06-04 17:53:48,043 [main] WARN  o.s.b.a.o.j.JpaBaseConfiguration$JpaWebConfiguration - spring.jpa.open-in-view is enabled by default. Therefore, database queries may be performed during view rendering. Explicitly configure spring.jpa.open-in-view to disable this warning
2026-06-04 17:53:48,555 [main] INFO  o.s.b.a.w.s.WelcomePageHandlerMapping              - Adding welcome page: class path resource [public/index.html]
2026-06-04 17:53:48,632 [main] INFO  o.s.s.web.DefaultSecurityFilterChain               - Will secure any request with [org.springframework.security.web.session.DisableEncodeUrlFilter@1c1f348f, org.springframework.security.web.context.request.async.WebAsyncManagerIntegrationFilter@19dda8e, org.springframework.security.web.context.SecurityContextHolderFilter@1a9ea4d9, org.springframework.security.web.header.HeaderWriterFilter@1cdf48b9, org.springframework.web.filter.CorsFilter@734c98ff, org.springframework.security.web.authentication.logout.LogoutFilter@24d84d1e, cn.edu.sdu.java.server.configs.JwtAuthenticationFilter@6ab123d0, org.springframework.security.web.savedrequest.RequestCacheAwareFilter@33293dac, org.springframework.security.web.servletapi.SecurityContextHolderAwareRequestFilter@384841e3, org.springframework.security.web.authentication.AnonymousAuthenticationFilter@29a3de3a, org.springframework.security.web.session.SessionManagementFilter@1ebbb581, org.springframework.security.web.access.ExceptionTranslationFilter@555bb408, org.springframework.security.web.access.intercept.AuthorizationFilter@7e8c7270]
2026-06-04 17:53:48,849 [main] INFO  o.apache.coyote.http11.Http11NioProtocol           - Starting ProtocolHandler ["http-nio-22222"]
2026-06-04 17:53:48,856 [main] WARN  o.s.b.w.s.c.AnnotationConfigServletWebServerApplicationContext - Exception encountered during context initialization - cancelling refresh attempt: org.springframework.context.ApplicationContextException: Failed to start bean 'webServerStartStop'
2026-06-04 17:53:48,863 [main] INFO  o.s.o.j.LocalContainerEntityManagerFactoryBean     - Closing JPA EntityManagerFactory for persistence unit 'default'
2026-06-04 17:53:48,865 [main] INFO  com.zaxxer.hikari.HikariDataSource                 - HikariPool-1 - Shutdown initiated...
2026-06-04 17:53:48,868 [main] INFO  com.zaxxer.hikari.HikariDataSource                 - HikariPool-1 - Shutdown completed.
2026-06-04 17:53:48,876 [main] INFO  o.s.b.a.l.ConditionEvaluationReportLogger          - 

Error starting ApplicationContext. To display the condition evaluation report re-run your application with 'debug' enabled.
2026-06-04 17:53:48,883 [main] ERROR o.s.b.d.LoggingFailureAnalysisReporter             - 

***************************
APPLICATION FAILED TO START
***************************

Description:

Web server failed to start. Port 22222 was already in use.

Action:

Identify and stop the process that's listening on port 22222 or configure this application to listen on another port.

2026-06-04 17:54:30,970 [background-preinit] INFO  o.h.validator.internal.util.Version                - HV000001: Hibernate Validator 8.0.1.Final
2026-06-04 17:54:30,989 [main] INFO  c.e.s.java.server.JavaServerApplication            - Starting JavaServerApplication using Java 25 with PID 50232 (D:\java_classwork-2--copilot-understand-codebase-structure\java_classwork-2--copilot-understand-codebase-structure\java-server\target\classes started by HP in D:\java_classwork-2--copilot-understand-codebase-structure\java_classwork-2--copilot-understand-codebase-structure\java-server)
2026-06-04 17:54:30,990 [main] INFO  c.e.s.java.server.JavaServerApplication            - No active profile set, falling back to 1 default profile: "default"
2026-06-04 17:54:31,345 [main] INFO  o.s.d.r.c.RepositoryConfigurationDelegate          - Multiple Spring Data modules found, entering strict repository configuration mode
2026-06-04 17:54:31,346 [main] INFO  o.s.d.r.c.RepositoryConfigurationDelegate          - Bootstrapping Spring Data JPA repositories in DEFAULT mode.
2026-06-04 17:54:31,441 [main] INFO  o.s.d.r.c.RepositoryConfigurationDelegate          - Finished Spring Data repository scanning in 91 ms. Found 21 JPA repository interfaces.
2026-06-04 17:54:31,451 [main] INFO  o.s.d.r.c.RepositoryConfigurationDelegate          - Multiple Spring Data modules found, entering strict repository configuration mode
2026-06-04 17:54:31,451 [main] INFO  o.s.d.r.c.RepositoryConfigurationDelegate          - Bootstrapping Spring Data Redis repositories in DEFAULT mode.
2026-06-04 17:54:31,459 [main] INFO  o.s.d.r.c.RepositoryConfigurationExtensionSupport  - Spring Data Redis - Could not safely identify store assignment for repository candidate interface cn.edu.sdu.java.server.repositorys.ApprovalWorkflowRepository; If you want this repository to be a Redis repository, consider annotating your entities with one of these annotations: org.springframework.data.redis.core.RedisHash (preferred), or consider extending one of the following types with your repository: org.springframework.data.keyvalue.repository.KeyValueRepository
2026-06-04 17:54:31,461 [main] INFO  o.s.d.r.c.RepositoryConfigurationExtensionSupport  - Spring Data Redis - Could not safely identify store assignment for repository candidate interface cn.edu.sdu.java.server.repositorys.AttendanceRepository; If you want this repository to be a Redis repository, consider annotating your entities with one of these annotations: org.springframework.data.redis.core.RedisHash (preferred), or consider extending one of the following types with your repository: org.springframework.data.keyvalue.repository.KeyValueRepository
2026-06-04 17:54:31,461 [main] INFO  o.s.d.r.c.RepositoryConfigurationExtensionSupport  - Spring Data Redis - Could not safely identify store assignment for repository candidate interface cn.edu.sdu.java.server.repositorys.CourseRepository; If you want this repository to be a Redis repository, consider annotating your entities with one of these annotations: org.springframework.data.redis.core.RedisHash (preferred), or consider extending one of the following types with your repository: org.springframework.data.keyvalue.repository.KeyValueRepository
2026-06-04 17:54:31,461 [main] INFO  o.s.d.r.c.RepositoryConfigurationExtensionSupport  - Spring Data Redis - Could not safely identify store assignment for repository candidate interface cn.edu.sdu.java.server.repositorys.CourseSelectionRepository; If you want this repository to be a Redis repository, consider annotating your entities with one of these annotations: org.springframework.data.redis.core.RedisHash (preferred), or consider extending one of the following types with your repository: org.springframework.data.keyvalue.repository.KeyValueRepository
2026-06-04 17:54:31,461 [main] INFO  o.s.d.r.c.RepositoryConfigurationExtensionSupport  - Spring Data Redis - Could not safely identify store assignment for repository candidate interface cn.edu.sdu.java.server.repositorys.DictionaryInfoRepository; If you want this repository to be a Redis repository, consider annotating your entities with one of these annotations: org.springframework.data.redis.core.RedisHash (preferred), or consider extending one of the following types with your repository: org.springframework.data.keyvalue.repository.KeyValueRepository
2026-06-04 17:54:31,461 [main] INFO  o.s.d.r.c.RepositoryConfigurationExtensionSupport  - Spring Data Redis - Could not safely identify store assignment for repository candidate interface cn.edu.sdu.java.server.repositorys.FamilyMemberRepository; If you want this repository to be a Redis repository, consider annotating your entities with one of these annotations: org.springframework.data.redis.core.RedisHash (preferred), or consider extending one of the following types with your repository: org.springframework.data.keyvalue.repository.KeyValueRepository
2026-06-04 17:54:31,461 [main] INFO  o.s.d.r.c.RepositoryConfigurationExtensionSupport  - Spring Data Redis - Could not safely identify store assignment for repository candidate interface cn.edu.sdu.java.server.repositorys.FeeRepository; If you want this repository to be a Redis repository, consider annotating your entities with one of these annotations: org.springframework.data.redis.core.RedisHash (preferred), or consider extending one of the following types with your repository: org.springframework.data.keyvalue.repository.KeyValueRepository
2026-06-04 17:54:31,461 [main] INFO  o.s.d.r.c.RepositoryConfigurationExtensionSupport  - Spring Data Redis - Could not safely identify store assignment for repository candidate interface cn.edu.sdu.java.server.repositorys.InnovationAchievementRepository; If you want this repository to be a Redis repository, consider annotating your entities with one of these annotations: org.springframework.data.redis.core.RedisHash (preferred), or consider extending one of the following types with your repository: org.springframework.data.keyvalue.repository.KeyValueRepository
2026-06-04 17:54:31,462 [main] INFO  o.s.d.r.c.RepositoryConfigurationExtensionSupport  - Spring Data Redis - Could not safely identify store assignment for repository candidate interface cn.edu.sdu.java.server.repositorys.MenuInfoRepository; If you want this repository to be a Redis repository, consider annotating your entities with one of these annotations: org.springframework.data.redis.core.RedisHash (preferred), or consider extending one of the following types with your repository: org.springframework.data.keyvalue.repository.KeyValueRepository
2026-06-04 17:54:31,462 [main] INFO  o.s.d.r.c.RepositoryConfigurationExtensionSupport  - Spring Data Redis - Could not safely identify store assignment for repository candidate interface cn.edu.sdu.java.server.repositorys.ModifyLogRepository; If you want this repository to be a Redis repository, consider annotating your entities with one of these annotations: org.springframework.data.redis.core.RedisHash (preferred), or consider extending one of the following types with your repository: org.springframework.data.keyvalue.repository.KeyValueRepository
2026-06-04 17:54:31,462 [main] INFO  o.s.d.r.c.RepositoryConfigurationExtensionSupport  - Spring Data Redis - Could not safely identify store assignment for repository candidate interface cn.edu.sdu.java.server.repositorys.PersonRepository; If you want this repository to be a Redis repository, consider annotating your entities with one of these annotations: org.springframework.data.redis.core.RedisHash (preferred), or consider extending one of the following types with your repository: org.springframework.data.keyvalue.repository.KeyValueRepository
2026-06-04 17:54:31,462 [main] INFO  o.s.d.r.c.RepositoryConfigurationExtensionSupport  - Spring Data Redis - Could not safely identify store assignment for repository candidate interface cn.edu.sdu.java.server.repositorys.ScoreRepository; If you want this repository to be a Redis repository, consider annotating your entities with one of these annotations: org.springframework.data.redis.core.RedisHash (preferred), or consider extending one of the following types with your repository: org.springframework.data.keyvalue.repository.KeyValueRepository
2026-06-04 17:54:31,462 [main] INFO  o.s.d.r.c.RepositoryConfigurationExtensionSupport  - Spring Data Redis - Could not safely identify store assignment for repository candidate interface cn.edu.sdu.java.server.repositorys.ScoreSubmissionRepository; If you want this repository to be a Redis repository, consider annotating your entities with one of these annotations: org.springframework.data.redis.core.RedisHash (preferred), or consider extending one of the following types with your repository: org.springframework.data.keyvalue.repository.KeyValueRepository
2026-06-04 17:54:31,462 [main] INFO  o.s.d.r.c.RepositoryConfigurationExtensionSupport  - Spring Data Redis - Could not safely identify store assignment for repository candidate interface cn.edu.sdu.java.server.repositorys.StatisticsDayRepository; If you want this repository to be a Redis repository, consider annotating your entities with one of these annotations: org.springframework.data.redis.core.RedisHash (preferred), or consider extending one of the following types with your repository: org.springframework.data.keyvalue.repository.KeyValueRepository
2026-06-04 17:54:31,464 [main] INFO  o.s.d.r.c.RepositoryConfigurationExtensionSupport  - Spring Data Redis - Could not safely identify store assignment for repository candidate interface cn.edu.sdu.java.server.repositorys.StudentLeaveRepository; If you want this repository to be a Redis repository, consider annotating your entities with one of these annotations: org.springframework.data.redis.core.RedisHash (preferred), or consider extending one of the following types with your repository: org.springframework.data.keyvalue.repository.KeyValueRepository
2026-06-04 17:54:31,464 [main] INFO  o.s.d.r.c.RepositoryConfigurationExtensionSupport  - Spring Data Redis - Could not safely identify store assignment for repository candidate interface cn.edu.sdu.java.server.repositorys.StudentRepository; If you want this repository to be a Redis repository, consider annotating your entities with one of these annotations: org.springframework.data.redis.core.RedisHash (preferred), or consider extending one of the following types with your repository: org.springframework.data.keyvalue.repository.KeyValueRepository
2026-06-04 17:54:31,464 [main] INFO  o.s.d.r.c.RepositoryConfigurationExtensionSupport  - Spring Data Redis - Could not safely identify store assignment for repository candidate interface cn.edu.sdu.java.server.repositorys.StudentStatisticsRepository; If you want this repository to be a Redis repository, consider annotating your entities with one of these annotations: org.springframework.data.redis.core.RedisHash (preferred), or consider extending one of the following types with your repository: org.springframework.data.keyvalue.repository.KeyValueRepository
2026-06-04 17:54:31,464 [main] INFO  o.s.d.r.c.RepositoryConfigurationExtensionSupport  - Spring Data Redis - Could not safely identify store assignment for repository candidate interface cn.edu.sdu.java.server.repositorys.SystemInfoRepository; If you want this repository to be a Redis repository, consider annotating your entities with one of these annotations: org.springframework.data.redis.core.RedisHash (preferred), or consider extending one of the following types with your repository: org.springframework.data.keyvalue.repository.KeyValueRepository
2026-06-04 17:54:31,464 [main] INFO  o.s.d.r.c.RepositoryConfigurationExtensionSupport  - Spring Data Redis - Could not safely identify store assignment for repository candidate interface cn.edu.sdu.java.server.repositorys.TeacherRepository; If you want this repository to be a Redis repository, consider annotating your entities with one of these annotations: org.springframework.data.redis.core.RedisHash (preferred), or consider extending one of the following types with your repository: org.springframework.data.keyvalue.repository.KeyValueRepository
2026-06-04 17:54:31,464 [main] INFO  o.s.d.r.c.RepositoryConfigurationExtensionSupport  - Spring Data Redis - Could not safely identify store assignment for repository candidate interface cn.edu.sdu.java.server.repositorys.UserRepository; If you want this repository to be a Redis repository, consider annotating your entities with one of these annotations: org.springframework.data.redis.core.RedisHash (preferred), or consider extending one of the following types with your repository: org.springframework.data.keyvalue.repository.KeyValueRepository
2026-06-04 17:54:31,464 [main] INFO  o.s.d.r.c.RepositoryConfigurationExtensionSupport  - Spring Data Redis - Could not safely identify store assignment for repository candidate interface cn.edu.sdu.java.server.repositorys.UserTypeRepository; If you want this repository to be a Redis repository, consider annotating your entities with one of these annotations: org.springframework.data.redis.core.RedisHash (preferred), or consider extending one of the following types with your repository: org.springframework.data.keyvalue.repository.KeyValueRepository
2026-06-04 17:54:31,464 [main] INFO  o.s.d.r.c.RepositoryConfigurationDelegate          - Finished Spring Data repository scanning in 8 ms. Found 0 Redis repository interfaces.
2026-06-04 17:54:31,746 [main] INFO  o.s.b.w.embedded.tomcat.TomcatWebServer            - Tomcat initialized with port 22222 (http)
2026-06-04 17:54:31,752 [main] INFO  o.apache.coyote.http11.Http11NioProtocol           - Initializing ProtocolHandler ["http-nio-22222"]
2026-06-04 17:54:31,754 [main] INFO  o.apache.catalina.core.StandardService             - Starting service [Tomcat]
2026-06-04 17:54:31,754 [main] INFO  org.apache.catalina.core.StandardEngine            - Starting Servlet engine: [Apache Tomcat/10.1.20]
2026-06-04 17:54:31,788 [main] INFO  o.a.c.c.C.[Tomcat].[localhost].[/]                 - Initializing Spring embedded WebApplicationContext
2026-06-04 17:54:31,788 [main] INFO  o.s.b.w.s.c.ServletWebServerApplicationContext     - Root WebApplicationContext: initialization completed in 777 ms
2026-06-04 17:54:31,856 [main] INFO  o.hibernate.jpa.internal.util.LogHelper            - HHH000204: Processing PersistenceUnitInfo [name: default]
2026-06-04 17:54:31,877 [main] INFO  org.hibernate.Version                              - HHH000412: Hibernate ORM core version 6.4.4.Final
2026-06-04 17:54:31,893 [main] INFO  o.h.c.internal.RegionFactoryInitiator              - HHH000026: Second-level cache disabled
2026-06-04 17:54:31,996 [main] INFO  o.s.o.j.p.SpringPersistenceUnitInfo                - No LoadTimeWeaver setup: ignoring JPA class transformer
2026-06-04 17:54:32,008 [main] INFO  com.zaxxer.hikari.HikariDataSource                 - HikariPool-1 - Starting...
2026-06-04 17:54:32,126 [main] INFO  com.zaxxer.hikari.pool.HikariPool                  - HikariPool-1 - Added connection com.mysql.cj.jdbc.ConnectionImpl@1f3c5308
2026-06-04 17:54:32,126 [main] INFO  com.zaxxer.hikari.HikariDataSource                 - HikariPool-1 - Start completed.
2026-06-04 17:54:32,162 [main] WARN  org.hibernate.orm.deprecation                      - HHH90000025: MySQL8Dialect does not need to be specified explicitly using 'hibernate.dialect' (remove the property setting and it will be selected by default)
2026-06-04 17:54:32,163 [main] WARN  org.hibernate.orm.deprecation                      - HHH90000026: MySQL8Dialect has been deprecated; use org.hibernate.dialect.MySQLDialect instead
2026-06-04 17:54:32,779 [main] INFO  o.h.e.t.j.p.i.JtaPlatformInitiator                 - HHH000489: No JTA platform available (set 'hibernate.transaction.jta.platform' to enable JTA platform integration)
2026-06-04 17:54:33,379 [main] INFO  o.s.o.j.LocalContainerEntityManagerFactoryBean     - Initialized JPA EntityManagerFactory for persistence unit 'default'
2026-06-04 17:54:33,505 [main] INFO  o.s.d.j.r.query.QueryEnhancerFactory               - Hibernate is in classpath; If applicable, HQL parser will be used.
2026-06-04 17:54:33,689 [main] WARN  o.s.b.a.o.j.JpaBaseConfiguration$JpaWebConfiguration - spring.jpa.open-in-view is enabled by default. Therefore, database queries may be performed during view rendering. Explicitly configure spring.jpa.open-in-view to disable this warning
2026-06-04 17:54:34,164 [main] INFO  o.s.b.a.w.s.WelcomePageHandlerMapping              - Adding welcome page: class path resource [public/index.html]
2026-06-04 17:54:34,245 [main] INFO  o.s.s.web.DefaultSecurityFilterChain               - Will secure any request with [org.springframework.security.web.session.DisableEncodeUrlFilter@1ee69b3, org.springframework.security.web.context.request.async.WebAsyncManagerIntegrationFilter@259fe541, org.springframework.security.web.context.SecurityContextHolderFilter@27d9ba11, org.springframework.security.web.header.HeaderWriterFilter@555bb408, org.springframework.web.filter.CorsFilter@1c1f348f, org.springframework.security.web.authentication.logout.LogoutFilter@19c2c3a6, cn.edu.sdu.java.server.configs.JwtAuthenticationFilter@48e7e2ca, org.springframework.security.web.savedrequest.RequestCacheAwareFilter@1a9ea4d9, org.springframework.security.web.servletapi.SecurityContextHolderAwareRequestFilter@59ca0db6, org.springframework.security.web.authentication.AnonymousAuthenticationFilter@19dda8e, org.springframework.security.web.session.SessionManagementFilter@60b65a4a, org.springframework.security.web.access.ExceptionTranslationFilter@11483b6f, org.springframework.security.web.access.intercept.AuthorizationFilter@6b99e996]
2026-06-04 17:54:34,448 [main] INFO  o.apache.coyote.http11.Http11NioProtocol           - Starting ProtocolHandler ["http-nio-22222"]
2026-06-04 17:54:34,501 [main] INFO  o.s.b.w.embedded.tomcat.TomcatWebServer            - Tomcat started on port 22222 (http) with context path ''
2026-06-04 17:54:34,506 [main] INFO  c.e.s.java.server.JavaServerApplication            - Started JavaServerApplication in 3.794 seconds (process running for 4.022)
2026-06-04 17:54:34,508 [main] INFO  c.e.s.j.server.SystemApplicationListener           - org.springframework.boot.context.event.ApplicationReadyEvent[source=org.springframework.boot.SpringApplication@598c23ad]
2026-06-04 17:54:34,508 [main] INFO  c.e.s.j.server.SystemApplicationListener           - SystemInitStart
2026-06-04 17:54:34,617 [main] INFO  c.e.s.j.server.SystemApplicationListener           - systemInitEnd
2026-06-04 17:54:44,901 [SpringApplicationShutdownHook] INFO  o.s.o.j.LocalContainerEntityManagerFactoryBean     - Closing JPA EntityManagerFactory for persistence unit 'default'
2026-06-04 17:54:44,903 [SpringApplicationShutdownHook] INFO  com.zaxxer.hikari.HikariDataSource                 - HikariPool-1 - Shutdown initiated...
2026-06-04 17:54:44,906 [SpringApplicationShutdownHook] INFO  com.zaxxer.hikari.HikariDataSource                 - HikariPool-1 - Shutdown completed.
2026-06-04 17:55:20,648 [background-preinit] INFO  o.h.validator.internal.util.Version                - HV000001: Hibernate Validator 8.0.1.Final
2026-06-04 17:55:20,667 [main] INFO  c.e.s.java.server.JavaServerApplication            - Starting JavaServerApplication using Java 25 with PID 47072 (D:\java_classwork-2--copilot-understand-codebase-structure\java_classwork-2--copilot-understand-codebase-structure\java-server\target\classes started by HP in D:\java_classwork-2--copilot-understand-codebase-structure\java_classwork-2--copilot-understand-codebase-structure\java-server)
2026-06-04 17:55:20,667 [main] INFO  c.e.s.java.server.JavaServerApplication            - No active profile set, falling back to 1 default profile: "default"
2026-06-04 17:55:21,022 [main] INFO  o.s.d.r.c.RepositoryConfigurationDelegate          - Multiple Spring Data modules found, entering strict repository configuration mode
2026-06-04 17:55:21,022 [main] INFO  o.s.d.r.c.RepositoryConfigurationDelegate          - Bootstrapping Spring Data JPA repositories in DEFAULT mode.
2026-06-04 17:55:21,119 [main] INFO  o.s.d.r.c.RepositoryConfigurationDelegate          - Finished Spring Data repository scanning in 92 ms. Found 21 JPA repository interfaces.
2026-06-04 17:55:21,128 [main] INFO  o.s.d.r.c.RepositoryConfigurationDelegate          - Multiple Spring Data modules found, entering strict repository configuration mode
2026-06-04 17:55:21,130 [main] INFO  o.s.d.r.c.RepositoryConfigurationDelegate          - Bootstrapping Spring Data Redis repositories in DEFAULT mode.
2026-06-04 17:55:21,137 [main] INFO  o.s.d.r.c.RepositoryConfigurationExtensionSupport  - Spring Data Redis - Could not safely identify store assignment for repository candidate interface cn.edu.sdu.java.server.repositorys.ApprovalWorkflowRepository; If you want this repository to be a Redis repository, consider annotating your entities with one of these annotations: org.springframework.data.redis.core.RedisHash (preferred), or consider extending one of the following types with your repository: org.springframework.data.keyvalue.repository.KeyValueRepository
2026-06-04 17:55:21,139 [main] INFO  o.s.d.r.c.RepositoryConfigurationExtensionSupport  - Spring Data Redis - Could not safely identify store assignment for repository candidate interface cn.edu.sdu.java.server.repositorys.AttendanceRepository; If you want this repository to be a Redis repository, consider annotating your entities with one of these annotations: org.springframework.data.redis.core.RedisHash (preferred), or consider extending one of the following types with your repository: org.springframework.data.keyvalue.repository.KeyValueRepository
2026-06-04 17:55:21,139 [main] INFO  o.s.d.r.c.RepositoryConfigurationExtensionSupport  - Spring Data Redis - Could not safely identify store assignment for repository candidate interface cn.edu.sdu.java.server.repositorys.CourseRepository; If you want this repository to be a Redis repository, consider annotating your entities with one of these annotations: org.springframework.data.redis.core.RedisHash (preferred), or consider extending one of the following types with your repository: org.springframework.data.keyvalue.repository.KeyValueRepository
2026-06-04 17:55:21,139 [main] INFO  o.s.d.r.c.RepositoryConfigurationExtensionSupport  - Spring Data Redis - Could not safely identify store assignment for repository candidate interface cn.edu.sdu.java.server.repositorys.CourseSelectionRepository; If you want this repository to be a Redis repository, consider annotating your entities with one of these annotations: org.springframework.data.redis.core.RedisHash (preferred), or consider extending one of the following types with your repository: org.springframework.data.keyvalue.repository.KeyValueRepository
2026-06-04 17:55:21,139 [main] INFO  o.s.d.r.c.RepositoryConfigurationExtensionSupport  - Spring Data Redis - Could not safely identify store assignment for repository candidate interface cn.edu.sdu.java.server.repositorys.DictionaryInfoRepository; If you want this repository to be a Redis repository, consider annotating your entities with one of these annotations: org.springframework.data.redis.core.RedisHash (preferred), or consider extending one of the following types with your repository: org.springframework.data.keyvalue.repository.KeyValueRepository
2026-06-04 17:55:21,139 [main] INFO  o.s.d.r.c.RepositoryConfigurationExtensionSupport  - Spring Data Redis - Could not safely identify store assignment for repository candidate interface cn.edu.sdu.java.server.repositorys.FamilyMemberRepository; If you want this repository to be a Redis repository, consider annotating your entities with one of these annotations: org.springframework.data.redis.core.RedisHash (preferred), or consider extending one of the following types with your repository: org.springframework.data.keyvalue.repository.KeyValueRepository
2026-06-04 17:55:21,139 [main] INFO  o.s.d.r.c.RepositoryConfigurationExtensionSupport  - Spring Data Redis - Could not safely identify store assignment for repository candidate interface cn.edu.sdu.java.server.repositorys.FeeRepository; If you want this repository to be a Redis repository, consider annotating your entities with one of these annotations: org.springframework.data.redis.core.RedisHash (preferred), or consider extending one of the following types with your repository: org.springframework.data.keyvalue.repository.KeyValueRepository
2026-06-04 17:55:21,139 [main] INFO  o.s.d.r.c.RepositoryConfigurationExtensionSupport  - Spring Data Redis - Could not safely identify store assignment for repository candidate interface cn.edu.sdu.java.server.repositorys.InnovationAchievementRepository; If you want this repository to be a Redis repository, consider annotating your entities with one of these annotations: org.springframework.data.redis.core.RedisHash (preferred), or consider extending one of the following types with your repository: org.springframework.data.keyvalue.repository.KeyValueRepository
2026-06-04 17:55:21,141 [main] INFO  o.s.d.r.c.RepositoryConfigurationExtensionSupport  - Spring Data Redis - Could not safely identify store assignment for repository candidate interface cn.edu.sdu.java.server.repositorys.MenuInfoRepository; If you want this repository to be a Redis repository, consider annotating your entities with one of these annotations: org.springframework.data.redis.core.RedisHash (preferred), or consider extending one of the following types with your repository: org.springframework.data.keyvalue.repository.KeyValueRepository
2026-06-04 17:55:21,141 [main] INFO  o.s.d.r.c.RepositoryConfigurationExtensionSupport  - Spring Data Redis - Could not safely identify store assignment for repository candidate interface cn.edu.sdu.java.server.repositorys.ModifyLogRepository; If you want this repository to be a Redis repository, consider annotating your entities with one of these annotations: org.springframework.data.redis.core.RedisHash (preferred), or consider extending one of the following types with your repository: org.springframework.data.keyvalue.repository.KeyValueRepository
2026-06-04 17:55:21,141 [main] INFO  o.s.d.r.c.RepositoryConfigurationExtensionSupport  - Spring Data Redis - Could not safely identify store assignment for repository candidate interface cn.edu.sdu.java.server.repositorys.PersonRepository; If you want this repository to be a Redis repository, consider annotating your entities with one of these annotations: org.springframework.data.redis.core.RedisHash (preferred), or consider extending one of the following types with your repository: org.springframework.data.keyvalue.repository.KeyValueRepository
2026-06-04 17:55:21,141 [main] INFO  o.s.d.r.c.RepositoryConfigurationExtensionSupport  - Spring Data Redis - Could not safely identify store assignment for repository candidate interface cn.edu.sdu.java.server.repositorys.ScoreRepository; If you want this repository to be a Redis repository, consider annotating your entities with one of these annotations: org.springframework.data.redis.core.RedisHash (preferred), or consider extending one of the following types with your repository: org.springframework.data.keyvalue.repository.KeyValueRepository
2026-06-04 17:55:21,141 [main] INFO  o.s.d.r.c.RepositoryConfigurationExtensionSupport  - Spring Data Redis - Could not safely identify store assignment for repository candidate interface cn.edu.sdu.java.server.repositorys.ScoreSubmissionRepository; If you want this repository to be a Redis repository, consider annotating your entities with one of these annotations: org.springframework.data.redis.core.RedisHash (preferred), or consider extending one of the following types with your repository: org.springframework.data.keyvalue.repository.KeyValueRepository
2026-06-04 17:55:21,142 [main] INFO  o.s.d.r.c.RepositoryConfigurationExtensionSupport  - Spring Data Redis - Could not safely identify store assignment for repository candidate interface cn.edu.sdu.java.server.repositorys.StatisticsDayRepository; If you want this repository to be a Redis repository, consider annotating your entities with one of these annotations: org.springframework.data.redis.core.RedisHash (preferred), or consider extending one of the following types with your repository: org.springframework.data.keyvalue.repository.KeyValueRepository
2026-06-04 17:55:21,142 [main] INFO  o.s.d.r.c.RepositoryConfigurationExtensionSupport  - Spring Data Redis - Could not safely identify store assignment for repository candidate interface cn.edu.sdu.java.server.repositorys.StudentLeaveRepository; If you want this repository to be a Redis repository, consider annotating your entities with one of these annotations: org.springframework.data.redis.core.RedisHash (preferred), or consider extending one of the following types with your repository: org.springframework.data.keyvalue.repository.KeyValueRepository
2026-06-04 17:55:21,142 [main] INFO  o.s.d.r.c.RepositoryConfigurationExtensionSupport  - Spring Data Redis - Could not safely identify store assignment for repository candidate interface cn.edu.sdu.java.server.repositorys.StudentRepository; If you want this repository to be a Redis repository, consider annotating your entities with one of these annotations: org.springframework.data.redis.core.RedisHash (preferred), or consider extending one of the following types with your repository: org.springframework.data.keyvalue.repository.KeyValueRepository
2026-06-04 17:55:21,142 [main] INFO  o.s.d.r.c.RepositoryConfigurationExtensionSupport  - Spring Data Redis - Could not safely identify store assignment for repository candidate interface cn.edu.sdu.java.server.repositorys.StudentStatisticsRepository; If you want this repository to be a Redis repository, consider annotating your entities with one of these annotations: org.springframework.data.redis.core.RedisHash (preferred), or consider extending one of the following types with your repository: org.springframework.data.keyvalue.repository.KeyValueRepository
2026-06-04 17:55:21,142 [main] INFO  o.s.d.r.c.RepositoryConfigurationExtensionSupport  - Spring Data Redis - Could not safely identify store assignment for repository candidate interface cn.edu.sdu.java.server.repositorys.SystemInfoRepository; If you want this repository to be a Redis repository, consider annotating your entities with one of these annotations: org.springframework.data.redis.core.RedisHash (preferred), or consider extending one of the following types with your repository: org.springframework.data.keyvalue.repository.KeyValueRepository
2026-06-04 17:55:21,142 [main] INFO  o.s.d.r.c.RepositoryConfigurationExtensionSupport  - Spring Data Redis - Could not safely identify store assignment for repository candidate interface cn.edu.sdu.java.server.repositorys.TeacherRepository; If you want this repository to be a Redis repository, consider annotating your entities with one of these annotations: org.springframework.data.redis.core.RedisHash (preferred), or consider extending one of the following types with your repository: org.springframework.data.keyvalue.repository.KeyValueRepository
2026-06-04 17:55:21,142 [main] INFO  o.s.d.r.c.RepositoryConfigurationExtensionSupport  - Spring Data Redis - Could not safely identify store assignment for repository candidate interface cn.edu.sdu.java.server.repositorys.UserRepository; If you want this repository to be a Redis repository, consider annotating your entities with one of these annotations: org.springframework.data.redis.core.RedisHash (preferred), or consider extending one of the following types with your repository: org.springframework.data.keyvalue.repository.KeyValueRepository
2026-06-04 17:55:21,142 [main] INFO  o.s.d.r.c.RepositoryConfigurationExtensionSupport  - Spring Data Redis - Could not safely identify store assignment for repository candidate interface cn.edu.sdu.java.server.repositorys.UserTypeRepository; If you want this repository to be a Redis repository, consider annotating your entities with one of these annotations: org.springframework.data.redis.core.RedisHash (preferred), or consider extending one of the following types with your repository: org.springframework.data.keyvalue.repository.KeyValueRepository
2026-06-04 17:55:21,142 [main] INFO  o.s.d.r.c.RepositoryConfigurationDelegate          - Finished Spring Data repository scanning in 8 ms. Found 0 Redis repository interfaces.
2026-06-04 17:55:21,420 [main] INFO  o.s.b.w.embedded.tomcat.TomcatWebServer            - Tomcat initialized with port 22222 (http)
2026-06-04 17:55:21,425 [main] INFO  o.apache.coyote.http11.Http11NioProtocol           - Initializing ProtocolHandler ["http-nio-22222"]
2026-06-04 17:55:21,426 [main] INFO  o.apache.catalina.core.StandardService             - Starting service [Tomcat]
2026-06-04 17:55:21,426 [main] INFO  org.apache.catalina.core.StandardEngine            - Starting Servlet engine: [Apache Tomcat/10.1.20]
2026-06-04 17:55:21,465 [main] INFO  o.a.c.c.C.[Tomcat].[localhost].[/]                 - Initializing Spring embedded WebApplicationContext
2026-06-04 17:55:21,466 [main] INFO  o.s.b.w.s.c.ServletWebServerApplicationContext     - Root WebApplicationContext: initialization completed in 778 ms
2026-06-04 17:55:21,530 [main] INFO  o.hibernate.jpa.internal.util.LogHelper            - HHH000204: Processing PersistenceUnitInfo [name: default]
2026-06-04 17:55:21,553 [main] INFO  org.hibernate.Version                              - HHH000412: Hibernate ORM core version 6.4.4.Final
2026-06-04 17:55:21,579 [main] INFO  o.h.c.internal.RegionFactoryInitiator              - HHH000026: Second-level cache disabled
2026-06-04 17:55:21,683 [main] INFO  o.s.o.j.p.SpringPersistenceUnitInfo                - No LoadTimeWeaver setup: ignoring JPA class transformer
2026-06-04 17:55:21,695 [main] INFO  com.zaxxer.hikari.HikariDataSource                 - HikariPool-1 - Starting...
2026-06-04 17:55:21,821 [main] INFO  com.zaxxer.hikari.pool.HikariPool                  - HikariPool-1 - Added connection com.mysql.cj.jdbc.ConnectionImpl@7573c7b5
2026-06-04 17:55:21,822 [main] INFO  com.zaxxer.hikari.HikariDataSource                 - HikariPool-1 - Start completed.
2026-06-04 17:55:21,854 [main] WARN  org.hibernate.orm.deprecation                      - HHH90000025: MySQL8Dialect does not need to be specified explicitly using 'hibernate.dialect' (remove the property setting and it will be selected by default)
2026-06-04 17:55:21,854 [main] WARN  org.hibernate.orm.deprecation                      - HHH90000026: MySQL8Dialect has been deprecated; use org.hibernate.dialect.MySQLDialect instead
2026-06-04 17:55:22,473 [main] INFO  o.h.e.t.j.p.i.JtaPlatformInitiator                 - HHH000489: No JTA platform available (set 'hibernate.transaction.jta.platform' to enable JTA platform integration)
2026-06-04 17:55:23,109 [main] INFO  o.s.o.j.LocalContainerEntityManagerFactoryBean     - Initialized JPA EntityManagerFactory for persistence unit 'default'
2026-06-04 17:55:23,244 [main] INFO  o.s.d.j.r.query.QueryEnhancerFactory               - Hibernate is in classpath; If applicable, HQL parser will be used.
2026-06-04 17:55:23,428 [main] WARN  o.s.b.a.o.j.JpaBaseConfiguration$JpaWebConfiguration - spring.jpa.open-in-view is enabled by default. Therefore, database queries may be performed during view rendering. Explicitly configure spring.jpa.open-in-view to disable this warning
2026-06-04 17:55:23,932 [main] INFO  o.s.b.a.w.s.WelcomePageHandlerMapping              - Adding welcome page: class path resource [public/index.html]
2026-06-04 17:55:24,010 [main] INFO  o.s.s.web.DefaultSecurityFilterChain               - Will secure any request with [org.springframework.security.web.session.DisableEncodeUrlFilter@43072e3a, org.springframework.security.web.context.request.async.WebAsyncManagerIntegrationFilter@15d0d8c, org.springframework.security.web.context.SecurityContextHolderFilter@6bb500fa, org.springframework.security.web.header.HeaderWriterFilter@27d9ba11, org.springframework.web.filter.CorsFilter@75f69816, org.springframework.security.web.authentication.logout.LogoutFilter@4cfd3ccd, cn.edu.sdu.java.server.configs.JwtAuthenticationFilter@5bcda4a6, org.springframework.security.web.savedrequest.RequestCacheAwareFilter@70e75151, org.springframework.security.web.servletapi.SecurityContextHolderAwareRequestFilter@1966ec08, org.springframework.security.web.authentication.AnonymousAuthenticationFilter@36db2ef8, org.springframework.security.web.session.SessionManagementFilter@50f77755, org.springframework.security.web.access.ExceptionTranslationFilter@363b24aa, org.springframework.security.web.access.intercept.AuthorizationFilter@5ac30b75]
2026-06-04 17:55:24,222 [main] INFO  o.apache.coyote.http11.Http11NioProtocol           - Starting ProtocolHandler ["http-nio-22222"]
2026-06-04 17:55:24,274 [main] INFO  o.s.b.w.embedded.tomcat.TomcatWebServer            - Tomcat started on port 22222 (http) with context path ''
2026-06-04 17:55:24,279 [main] INFO  c.e.s.java.server.JavaServerApplication            - Started JavaServerApplication in 3.892 seconds (process running for 4.118)
2026-06-04 17:55:24,280 [main] INFO  c.e.s.j.server.SystemApplicationListener           - org.springframework.boot.context.event.ApplicationReadyEvent[source=org.springframework.boot.SpringApplication@2676837c]
2026-06-04 17:55:24,280 [main] INFO  c.e.s.j.server.SystemApplicationListener           - SystemInitStart
2026-06-04 17:55:24,395 [main] INFO  c.e.s.j.server.SystemApplicationListener           - systemInitEnd
2026-06-04 17:55:33,572 [SpringApplicationShutdownHook] INFO  o.s.o.j.LocalContainerEntityManagerFactoryBean     - Closing JPA EntityManagerFactory for persistence unit 'default'
2026-06-04 17:55:33,572 [SpringApplicationShutdownHook] INFO  com.zaxxer.hikari.HikariDataSource                 - HikariPool-1 - Shutdown initiated...
2026-06-04 17:55:33,577 [SpringApplicationShutdownHook] INFO  com.zaxxer.hikari.HikariDataSource                 - HikariPool-1 - Shutdown completed.
2026-06-04 18:03:32,217 [background-preinit] INFO  o.h.validator.internal.util.Version                - HV000001: Hibernate Validator 8.0.1.Final
2026-06-04 18:03:32,233 [main] INFO  c.e.s.java.server.JavaServerApplication            - Starting JavaServerApplication using Java 25 with PID 30312 (D:\java_classwork-2--copilot-understand-codebase-structure\java_classwork-2--copilot-understand-codebase-structure\java-server\target\classes started by HP in D:\java_classwork-2--copilot-understand-codebase-structure\java_classwork-2--copilot-understand-codebase-structure\java-server)
2026-06-04 18:03:32,233 [main] INFO  c.e.s.java.server.JavaServerApplication            - No active profile set, falling back to 1 default profile: "default"
2026-06-04 18:03:32,641 [main] INFO  o.s.d.r.c.RepositoryConfigurationDelegate          - Multiple Spring Data modules found, entering strict repository configuration mode
2026-06-04 18:03:32,642 [main] INFO  o.s.d.r.c.RepositoryConfigurationDelegate          - Bootstrapping Spring Data JPA repositories in DEFAULT mode.
2026-06-04 18:03:32,732 [main] INFO  o.s.d.r.c.RepositoryConfigurationDelegate          - Finished Spring Data repository scanning in 86 ms. Found 21 JPA repository interfaces.
2026-06-04 18:03:32,741 [main] INFO  o.s.d.r.c.RepositoryConfigurationDelegate          - Multiple Spring Data modules found, entering strict repository configuration mode
2026-06-04 18:03:32,743 [main] INFO  o.s.d.r.c.RepositoryConfigurationDelegate          - Bootstrapping Spring Data Redis repositories in DEFAULT mode.
2026-06-04 18:03:32,750 [main] INFO  o.s.d.r.c.RepositoryConfigurationExtensionSupport  - Spring Data Redis - Could not safely identify store assignment for repository candidate interface cn.edu.sdu.java.server.repositorys.ApprovalWorkflowRepository; If you want this repository to be a Redis repository, consider annotating your entities with one of these annotations: org.springframework.data.redis.core.RedisHash (preferred), or consider extending one of the following types with your repository: org.springframework.data.keyvalue.repository.KeyValueRepository
2026-06-04 18:03:32,750 [main] INFO  o.s.d.r.c.RepositoryConfigurationExtensionSupport  - Spring Data Redis - Could not safely identify store assignment for repository candidate interface cn.edu.sdu.java.server.repositorys.AttendanceRepository; If you want this repository to be a Redis repository, consider annotating your entities with one of these annotations: org.springframework.data.redis.core.RedisHash (preferred), or consider extending one of the following types with your repository: org.springframework.data.keyvalue.repository.KeyValueRepository
2026-06-04 18:03:32,750 [main] INFO  o.s.d.r.c.RepositoryConfigurationExtensionSupport  - Spring Data Redis - Could not safely identify store assignment for repository candidate interface cn.edu.sdu.java.server.repositorys.CourseRepository; If you want this repository to be a Redis repository, consider annotating your entities with one of these annotations: org.springframework.data.redis.core.RedisHash (preferred), or consider extending one of the following types with your repository: org.springframework.data.keyvalue.repository.KeyValueRepository
2026-06-04 18:03:32,750 [main] INFO  o.s.d.r.c.RepositoryConfigurationExtensionSupport  - Spring Data Redis - Could not safely identify store assignment for repository candidate interface cn.edu.sdu.java.server.repositorys.CourseSelectionRepository; If you want this repository to be a Redis repository, consider annotating your entities with one of these annotations: org.springframework.data.redis.core.RedisHash (preferred), or consider extending one of the following types with your repository: org.springframework.data.keyvalue.repository.KeyValueRepository
2026-06-04 18:03:32,750 [main] INFO  o.s.d.r.c.RepositoryConfigurationExtensionSupport  - Spring Data Redis - Could not safely identify store assignment for repository candidate interface cn.edu.sdu.java.server.repositorys.DictionaryInfoRepository; If you want this repository to be a Redis repository, consider annotating your entities with one of these annotations: org.springframework.data.redis.core.RedisHash (preferred), or consider extending one of the following types with your repository: org.springframework.data.keyvalue.repository.KeyValueRepository
2026-06-04 18:03:32,750 [main] INFO  o.s.d.r.c.RepositoryConfigurationExtensionSupport  - Spring Data Redis - Could not safely identify store assignment for repository candidate interface cn.edu.sdu.java.server.repositorys.FamilyMemberRepository; If you want this repository to be a Redis repository, consider annotating your entities with one of these annotations: org.springframework.data.redis.core.RedisHash (preferred), or consider extending one of the following types with your repository: org.springframework.data.keyvalue.repository.KeyValueRepository
2026-06-04 18:03:32,750 [main] INFO  o.s.d.r.c.RepositoryConfigurationExtensionSupport  - Spring Data Redis - Could not safely identify store assignment for repository candidate interface cn.edu.sdu.java.server.repositorys.FeeRepository; If you want this repository to be a Redis repository, consider annotating your entities with one of these annotations: org.springframework.data.redis.core.RedisHash (preferred), or consider extending one of the following types with your repository: org.springframework.data.keyvalue.repository.KeyValueRepository
2026-06-04 18:03:32,750 [main] INFO  o.s.d.r.c.RepositoryConfigurationExtensionSupport  - Spring Data Redis - Could not safely identify store assignment for repository candidate interface cn.edu.sdu.java.server.repositorys.InnovationAchievementRepository; If you want this repository to be a Redis repository, consider annotating your entities with one of these annotations: org.springframework.data.redis.core.RedisHash (preferred), or consider extending one of the following types with your repository: org.springframework.data.keyvalue.repository.KeyValueRepository
2026-06-04 18:03:32,750 [main] INFO  o.s.d.r.c.RepositoryConfigurationExtensionSupport  - Spring Data Redis - Could not safely identify store assignment for repository candidate interface cn.edu.sdu.java.server.repositorys.MenuInfoRepository; If you want this repository to be a Redis repository, consider annotating your entities with one of these annotations: org.springframework.data.redis.core.RedisHash (preferred), or consider extending one of the following types with your repository: org.springframework.data.keyvalue.repository.KeyValueRepository
2026-06-04 18:03:32,750 [main] INFO  o.s.d.r.c.RepositoryConfigurationExtensionSupport  - Spring Data Redis - Could not safely identify store assignment for repository candidate interface cn.edu.sdu.java.server.repositorys.ModifyLogRepository; If you want this repository to be a Redis repository, consider annotating your entities with one of these annotations: org.springframework.data.redis.core.RedisHash (preferred), or consider extending one of the following types with your repository: org.springframework.data.keyvalue.repository.KeyValueRepository
2026-06-04 18:03:32,750 [main] INFO  o.s.d.r.c.RepositoryConfigurationExtensionSupport  - Spring Data Redis - Could not safely identify store assignment for repository candidate interface cn.edu.sdu.java.server.repositorys.PersonRepository; If you want this repository to be a Redis repository, consider annotating your entities with one of these annotations: org.springframework.data.redis.core.RedisHash (preferred), or consider extending one of the following types with your repository: org.springframework.data.keyvalue.repository.KeyValueRepository
2026-06-04 18:03:32,750 [main] INFO  o.s.d.r.c.RepositoryConfigurationExtensionSupport  - Spring Data Redis - Could not safely identify store assignment for repository candidate interface cn.edu.sdu.java.server.repositorys.ScoreRepository; If you want this repository to be a Redis repository, consider annotating your entities with one of these annotations: org.springframework.data.redis.core.RedisHash (preferred), or consider extending one of the following types with your repository: org.springframework.data.keyvalue.repository.KeyValueRepository
2026-06-04 18:03:32,750 [main] INFO  o.s.d.r.c.RepositoryConfigurationExtensionSupport  - Spring Data Redis - Could not safely identify store assignment for repository candidate interface cn.edu.sdu.java.server.repositorys.ScoreSubmissionRepository; If you want this repository to be a Redis repository, consider annotating your entities with one of these annotations: org.springframework.data.redis.core.RedisHash (preferred), or consider extending one of the following types with your repository: org.springframework.data.keyvalue.repository.KeyValueRepository
2026-06-04 18:03:32,752 [main] INFO  o.s.d.r.c.RepositoryConfigurationExtensionSupport  - Spring Data Redis - Could not safely identify store assignment for repository candidate interface cn.edu.sdu.java.server.repositorys.StatisticsDayRepository; If you want this repository to be a Redis repository, consider annotating your entities with one of these annotations: org.springframework.data.redis.core.RedisHash (preferred), or consider extending one of the following types with your repository: org.springframework.data.keyvalue.repository.KeyValueRepository
2026-06-04 18:03:32,752 [main] INFO  o.s.d.r.c.RepositoryConfigurationExtensionSupport  - Spring Data Redis - Could not safely identify store assignment for repository candidate interface cn.edu.sdu.java.server.repositorys.StudentLeaveRepository; If you want this repository to be a Redis repository, consider annotating your entities with one of these annotations: org.springframework.data.redis.core.RedisHash (preferred), or consider extending one of the following types with your repository: org.springframework.data.keyvalue.repository.KeyValueRepository
2026-06-04 18:03:32,752 [main] INFO  o.s.d.r.c.RepositoryConfigurationExtensionSupport  - Spring Data Redis - Could not safely identify store assignment for repository candidate interface cn.edu.sdu.java.server.repositorys.StudentRepository; If you want this repository to be a Redis repository, consider annotating your entities with one of these annotations: org.springframework.data.redis.core.RedisHash (preferred), or consider extending one of the following types with your repository: org.springframework.data.keyvalue.repository.KeyValueRepository
2026-06-04 18:03:32,752 [main] INFO  o.s.d.r.c.RepositoryConfigurationExtensionSupport  - Spring Data Redis - Could not safely identify store assignment for repository candidate interface cn.edu.sdu.java.server.repositorys.StudentStatisticsRepository; If you want this repository to be a Redis repository, consider annotating your entities with one of these annotations: org.springframework.data.redis.core.RedisHash (preferred), or consider extending one of the following types with your repository: org.springframework.data.keyvalue.repository.KeyValueRepository
2026-06-04 18:03:32,752 [main] INFO  o.s.d.r.c.RepositoryConfigurationExtensionSupport  - Spring Data Redis - Could not safely identify store assignment for repository candidate interface cn.edu.sdu.java.server.repositorys.SystemInfoRepository; If you want this repository to be a Redis repository, consider annotating your entities with one of these annotations: org.springframework.data.redis.core.RedisHash (preferred), or consider extending one of the following types with your repository: org.springframework.data.keyvalue.repository.KeyValueRepository
2026-06-04 18:03:32,752 [main] INFO  o.s.d.r.c.RepositoryConfigurationExtensionSupport  - Spring Data Redis - Could not safely identify store assignment for repository candidate interface cn.edu.sdu.java.server.repositorys.TeacherRepository; If you want this repository to be a Redis repository, consider annotating your entities with one of these annotations: org.springframework.data.redis.core.RedisHash (preferred), or consider extending one of the following types with your repository: org.springframework.data.keyvalue.repository.KeyValueRepository
2026-06-04 18:03:32,752 [main] INFO  o.s.d.r.c.RepositoryConfigurationExtensionSupport  - Spring Data Redis - Could not safely identify store assignment for repository candidate interface cn.edu.sdu.java.server.repositorys.UserRepository; If you want this repository to be a Redis repository, consider annotating your entities with one of these annotations: org.springframework.data.redis.core.RedisHash (preferred), or consider extending one of the following types with your repository: org.springframework.data.keyvalue.repository.KeyValueRepository
2026-06-04 18:03:32,752 [main] INFO  o.s.d.r.c.RepositoryConfigurationExtensionSupport  - Spring Data Redis - Could not safely identify store assignment for repository candidate interface cn.edu.sdu.java.server.repositorys.UserTypeRepository; If you want this repository to be a Redis repository, consider annotating your entities with one of these annotations: org.springframework.data.redis.core.RedisHash (preferred), or consider extending one of the following types with your repository: org.springframework.data.keyvalue.repository.KeyValueRepository
2026-06-04 18:03:32,752 [main] INFO  o.s.d.r.c.RepositoryConfigurationDelegate          - Finished Spring Data repository scanning in 6 ms. Found 0 Redis repository interfaces.
2026-06-04 18:03:33,037 [main] INFO  o.s.b.w.embedded.tomcat.TomcatWebServer            - Tomcat initialized with port 22222 (http)
2026-06-04 18:03:33,043 [main] INFO  o.apache.coyote.http11.Http11NioProtocol           - Initializing ProtocolHandler ["http-nio-22222"]
2026-06-04 18:03:33,043 [main] INFO  o.apache.catalina.core.StandardService             - Starting service [Tomcat]
2026-06-04 18:03:33,043 [main] INFO  org.apache.catalina.core.StandardEngine            - Starting Servlet engine: [Apache Tomcat/10.1.20]
2026-06-04 18:03:33,077 [main] INFO  o.a.c.c.C.[Tomcat].[localhost].[/]                 - Initializing Spring embedded WebApplicationContext
2026-06-04 18:03:33,077 [main] INFO  o.s.b.w.s.c.ServletWebServerApplicationContext     - Root WebApplicationContext: initialization completed in 818 ms
2026-06-04 18:03:33,149 [main] INFO  o.hibernate.jpa.internal.util.LogHelper            - HHH000204: Processing PersistenceUnitInfo [name: default]
2026-06-04 18:03:33,175 [main] INFO  org.hibernate.Version                              - HHH000412: Hibernate ORM core version 6.4.4.Final
2026-06-04 18:03:33,197 [main] INFO  o.h.c.internal.RegionFactoryInitiator              - HHH000026: Second-level cache disabled
2026-06-04 18:03:33,326 [main] INFO  o.s.o.j.p.SpringPersistenceUnitInfo                - No LoadTimeWeaver setup: ignoring JPA class transformer
2026-06-04 18:03:33,339 [main] INFO  com.zaxxer.hikari.HikariDataSource                 - HikariPool-1 - Starting...
2026-06-04 18:03:33,462 [main] INFO  com.zaxxer.hikari.pool.HikariPool                  - HikariPool-1 - Added connection com.mysql.cj.jdbc.ConnectionImpl@6dd38df2
2026-06-04 18:03:33,462 [main] INFO  com.zaxxer.hikari.HikariDataSource                 - HikariPool-1 - Start completed.
2026-06-04 18:03:33,493 [main] WARN  org.hibernate.orm.deprecation                      - HHH90000025: MySQL8Dialect does not need to be specified explicitly using 'hibernate.dialect' (remove the property setting and it will be selected by default)
2026-06-04 18:03:33,493 [main] WARN  org.hibernate.orm.deprecation                      - HHH90000026: MySQL8Dialect has been deprecated; use org.hibernate.dialect.MySQLDialect instead
2026-06-04 18:03:34,126 [main] INFO  o.h.e.t.j.p.i.JtaPlatformInitiator                 - HHH000489: No JTA platform available (set 'hibernate.transaction.jta.platform' to enable JTA platform integration)
2026-06-04 18:03:34,892 [main] INFO  o.s.o.j.LocalContainerEntityManagerFactoryBean     - Initialized JPA EntityManagerFactory for persistence unit 'default'
2026-06-04 18:03:35,015 [main] INFO  o.s.d.j.r.query.QueryEnhancerFactory               - Hibernate is in classpath; If applicable, HQL parser will be used.
2026-06-04 18:03:35,197 [main] WARN  o.s.b.a.o.j.JpaBaseConfiguration$JpaWebConfiguration - spring.jpa.open-in-view is enabled by default. Therefore, database queries may be performed during view rendering. Explicitly configure spring.jpa.open-in-view to disable this warning
2026-06-04 18:03:35,693 [main] INFO  o.s.b.a.w.s.WelcomePageHandlerMapping              - Adding welcome page: class path resource [public/index.html]
2026-06-04 18:03:35,771 [main] INFO  o.s.s.web.DefaultSecurityFilterChain               - Will secure any request with [org.springframework.security.web.session.DisableEncodeUrlFilter@2ca57834, org.springframework.security.web.context.request.async.WebAsyncManagerIntegrationFilter@14d21cb9, org.springframework.security.web.context.SecurityContextHolderFilter@4a61f876, org.springframework.security.web.header.HeaderWriterFilter@49f5758f, org.springframework.web.filter.CorsFilter@2c7c805f, org.springframework.security.web.authentication.logout.LogoutFilter@232a935, cn.edu.sdu.java.server.configs.JwtAuthenticationFilter@64b6d6dd, org.springframework.security.web.savedrequest.RequestCacheAwareFilter@2b4f99e5, org.springframework.security.web.servletapi.SecurityContextHolderAwareRequestFilter@1e594828, org.springframework.security.web.authentication.AnonymousAuthenticationFilter@79309b5c, org.springframework.security.web.session.SessionManagementFilter@7a615950, org.springframework.security.web.access.ExceptionTranslationFilter@1fb81254, org.springframework.security.web.access.intercept.AuthorizationFilter@687a16b7]
2026-06-04 18:03:36,029 [main] INFO  o.apache.coyote.http11.Http11NioProtocol           - Starting ProtocolHandler ["http-nio-22222"]
2026-06-04 18:03:36,043 [main] INFO  o.s.b.w.embedded.tomcat.TomcatWebServer            - Tomcat started on port 22222 (http) with context path ''
2026-06-04 18:03:36,050 [main] INFO  c.e.s.java.server.JavaServerApplication            - Started JavaServerApplication in 4.106 seconds (process running for 4.564)
2026-06-04 18:03:36,051 [main] INFO  c.e.s.j.server.SystemApplicationListener           - org.springframework.boot.context.event.ApplicationReadyEvent[source=org.springframework.boot.SpringApplication@549426d8]
2026-06-04 18:03:36,051 [main] INFO  c.e.s.j.server.SystemApplicationListener           - SystemInitStart
2026-06-04 18:03:36,146 [main] INFO  c.e.s.j.server.SystemApplicationListener           - systemInitEnd
2026-06-04 18:03:49,194 [http-nio-22222-exec-1] INFO  o.a.c.c.C.[Tomcat].[localhost].[/]                 - Initializing Spring DispatcherServlet 'dispatcherServlet'
2026-06-04 18:03:49,194 [http-nio-22222-exec-1] INFO  o.s.web.servlet.DispatcherServlet                  - Initializing Servlet 'dispatcherServlet'
2026-06-04 18:03:49,194 [http-nio-22222-exec-1] INFO  o.s.web.servlet.DispatcherServlet                  - Completed initialization in 0 ms
2026-06-04 18:03:49,742 [http-nio-22222-exec-2] INFO  c.e.s.j.s.c.JwtAuthenticationFilter                - /api/base/getDataBaseUserName,2022030001,2026-06-04 18:03:49,0.076
2026-06-04 18:03:49,821 [http-nio-22222-exec-10] INFO  c.e.s.j.s.c.JwtAuthenticationFilter                - /api/base/getMenuList,2022030001,2026-06-04 18:03:49,0.075
2026-06-04 18:04:18,409 [http-nio-22222-exec-9] INFO  c.e.s.j.s.c.JwtAuthenticationFilter                - /api/base/getDataBaseUserName,2022030001,2026-06-04 18:04:18,0.034
2026-06-04 18:04:18,514 [http-nio-22222-exec-3] INFO  c.e.s.j.s.c.JwtAuthenticationFilter                - /api/base/getMenuList,2022030001,2026-06-04 18:04:18,0.101
2026-06-04 18:04:20,562 [http-nio-22222-exec-7] INFO  c.e.s.j.s.c.JwtAuthenticationFilter                - /api/base/getDataBaseUserName,2022030001,2026-06-04 18:04:20,0.038
2026-06-04 18:04:20,650 [http-nio-22222-exec-1] INFO  c.e.s.j.s.c.JwtAuthenticationFilter                - /api/base/getMenuList,2022030001,2026-06-04 18:04:20,0.084
2026-06-04 18:04:28,118 [http-nio-22222-exec-10] INFO  c.e.s.j.s.c.JwtAuthenticationFilter                - /api/base/getDataBaseUserName,2022030001,2026-06-04 18:04:28,0.037
2026-06-04 18:04:28,231 [http-nio-22222-exec-6] INFO  c.e.s.j.s.c.JwtAuthenticationFilter                - /api/base/getMenuList,2022030001,2026-06-04 18:04:28,0.108
2026-06-04 18:04:28,710 [http-nio-22222-exec-3] INFO  c.e.s.j.s.c.JwtAuthenticationFilter                - /api/base/getDataBaseUserName,2022030001,2026-06-04 18:04:28,0.022
2026-06-04 18:04:28,782 [http-nio-22222-exec-8] INFO  c.e.s.j.s.c.JwtAuthenticationFilter                - /api/base/getMenuList,2022030001,2026-06-04 18:04:28,0.067
2026-06-04 18:04:28,987 [http-nio-22222-exec-5] INFO  c.e.s.j.s.c.JwtAuthenticationFilter                - /api/base/getDataBaseUserName,2022030001,2026-06-04 18:04:28,0.024
2026-06-04 18:04:29,052 [http-nio-22222-exec-7] INFO  c.e.s.j.s.c.JwtAuthenticationFilter                - /api/base/getMenuList,2022030001,2026-06-04 18:04:28,0.061
2026-06-04 18:04:29,270 [http-nio-22222-exec-2] INFO  c.e.s.j.s.c.JwtAuthenticationFilter                - /api/base/getDataBaseUserName,2022030001,2026-06-04 18:04:29,0.027
2026-06-04 18:04:29,332 [http-nio-22222-exec-10] INFO  c.e.s.j.s.c.JwtAuthenticationFilter                - /api/base/getMenuList,2022030001,2026-06-04 18:04:29,0.058
2026-06-04 18:04:29,594 [http-nio-22222-exec-9] INFO  c.e.s.j.s.c.JwtAuthenticationFilter                - /api/base/getDataBaseUserName,2022030001,2026-06-04 18:04:29,0.023
2026-06-04 18:04:29,666 [http-nio-22222-exec-3] INFO  c.e.s.j.s.c.JwtAuthenticationFilter                - /api/base/getMenuList,2022030001,2026-06-04 18:04:29,0.068
2026-06-04 18:04:29,980 [http-nio-22222-exec-2] INFO  c.e.s.j.s.c.JwtAuthenticationFilter                - /api/base/getDataBaseUserName,2022030001,2026-06-04 18:04:29,0.021
2026-06-04 18:04:30,040 [http-nio-22222-exec-9] INFO  c.e.s.j.s.c.JwtAuthenticationFilter                - /api/base/getMenuList,2022030001,2026-06-04 18:04:29,0.056
2026-06-04 18:04:30,241 [http-nio-22222-exec-5] INFO  c.e.s.j.s.c.JwtAuthenticationFilter                - /api/base/getDataBaseUserName,2022030001,2026-06-04 18:04:30,0.026
2026-06-04 18:04:30,340 [http-nio-22222-exec-1] INFO  c.e.s.j.s.c.JwtAuthenticationFilter                - /api/base/getMenuList,2022030001,2026-06-04 18:04:30,0.094
2026-06-04 18:04:35,647 [http-nio-22222-exec-2] INFO  c.e.s.j.s.c.JwtAuthenticationFilter                - /api/base/getDataBaseUserName,2022030001,2026-06-04 18:04:35,0.017
2026-06-04 18:04:35,701 [http-nio-22222-exec-9] INFO  c.e.s.j.s.c.JwtAuthenticationFilter                - /api/base/getMenuList,2022030001,2026-06-04 18:04:35,0.051
2026-06-04 18:04:36,221 [http-nio-22222-exec-5] INFO  c.e.s.j.s.c.JwtAuthenticationFilter                - /api/base/getDataBaseUserName,2022030001,2026-06-04 18:04:36,0.02
2026-06-04 18:04:36,280 [http-nio-22222-exec-1] INFO  c.e.s.j.s.c.JwtAuthenticationFilter                - /api/base/getMenuList,2022030001,2026-06-04 18:04:36,0.056
2026-06-04 18:04:37,920 [http-nio-22222-exec-7] INFO  c.e.s.j.s.c.JwtAuthenticationFilter                - /api/base/getDataBaseUserName,2022030001,2026-06-04 18:04:37,0.031
2026-06-04 18:04:38,039 [http-nio-22222-exec-8] INFO  c.e.s.j.s.c.JwtAuthenticationFilter                - /api/base/getMenuList,2022030001,2026-06-04 18:04:37,0.114
2026-06-04 18:04:38,298 [http-nio-22222-exec-10] INFO  c.e.s.j.s.c.JwtAuthenticationFilter                - /api/base/getDataBaseUserName,2022030001,2026-06-04 18:04:38,0.026
2026-06-04 18:04:38,389 [http-nio-22222-exec-11] INFO  c.e.s.j.s.c.JwtAuthenticationFilter                - /api/base/getMenuList,2022030001,2026-06-04 18:04:38,0.086
2026-06-04 18:04:47,279 [http-nio-22222-exec-9] INFO  c.e.s.j.s.c.JwtAuthenticationFilter                - /api/base/getDataBaseUserName,2022030001,2026-06-04 18:04:47,0.037
2026-06-04 18:04:47,388 [http-nio-22222-exec-6] INFO  c.e.s.j.s.c.JwtAuthenticationFilter                - /api/base/getMenuList,2022030001,2026-06-04 18:04:47,0.104
2026-06-04 18:04:47,619 [http-nio-22222-exec-1] INFO  c.e.s.j.s.c.JwtAuthenticationFilter                - /api/base/getDataBaseUserName,2022030001,2026-06-04 18:04:47,0.036
2026-06-04 18:04:47,761 [http-nio-22222-exec-4] INFO  c.e.s.j.s.c.JwtAuthenticationFilter                - /api/base/getMenuList,2022030001,2026-06-04 18:04:47,0.139
2026-06-04 18:04:48,010 [http-nio-22222-exec-8] INFO  c.e.s.j.s.c.JwtAuthenticationFilter                - /api/base/getDataBaseUserName,2022030001,2026-06-04 18:04:47,0.054
2026-06-04 18:04:48,127 [http-nio-22222-exec-3] INFO  c.e.s.j.s.c.JwtAuthenticationFilter                - /api/base/getMenuList,2022030001,2026-06-04 18:04:48,0.113
2026-06-04 18:04:48,345 [http-nio-22222-exec-11] INFO  c.e.s.j.s.c.JwtAuthenticationFilter                - /api/base/getDataBaseUserName,2022030001,2026-06-04 18:04:48,0.029
2026-06-04 18:04:48,438 [http-nio-22222-exec-2] INFO  c.e.s.j.s.c.JwtAuthenticationFilter                - /api/base/getMenuList,2022030001,2026-06-04 18:04:48,0.087
2026-06-04 18:04:48,667 [http-nio-22222-exec-6] INFO  c.e.s.j.s.c.JwtAuthenticationFilter                - /api/base/getDataBaseUserName,2022030001,2026-06-04 18:04:48,0.036
2026-06-04 18:04:48,779 [http-nio-22222-exec-5] INFO  c.e.s.j.s.c.JwtAuthenticationFilter                - /api/base/getMenuList,2022030001,2026-06-04 18:04:48,0.108
2026-06-04 18:04:49,020 [http-nio-22222-exec-4] INFO  c.e.s.j.s.c.JwtAuthenticationFilter                - /api/base/getDataBaseUserName,2022030001,2026-06-04 18:04:48,0.041
2026-06-04 18:04:49,132 [http-nio-22222-exec-7] INFO  c.e.s.j.s.c.JwtAuthenticationFilter                - /api/base/getMenuList,2022030001,2026-06-04 18:04:49,0.108
2026-06-04 18:17:59,437 [http-nio-22222-exec-8] INFO  c.e.s.j.s.c.JwtAuthenticationFilter                - /api/base/getDataBaseUserName,2022030001,2026-06-04 18:17:59,0.029
2026-06-04 18:17:59,538 [http-nio-22222-exec-3] INFO  c.e.s.j.s.c.JwtAuthenticationFilter                - /api/base/getMenuList,2022030001,2026-06-04 18:17:59,0.095
2026-06-04 18:18:03,748 [http-nio-22222-exec-2] INFO  c.e.s.j.s.c.JwtAuthenticationFilter                - /api/student/getStudentList,2022030001,2026-06-04 18:18:03,0.069
2026-06-04 18:18:03,827 [http-nio-22222-exec-9] INFO  c.e.s.j.s.c.JwtAuthenticationFilter                - /api/base/getDictionaryOptionItemList,2022030001,2026-06-04 18:18:03,0.074
2026-06-04 18:18:05,018 [http-nio-22222-exec-1] INFO  c.e.s.j.s.c.JwtAuthenticationFilter                - /api/courseSelection/all,2022030001,2026-06-04 18:18:04,0.069
2026-06-04 18:18:05,714 [http-nio-22222-exec-10] INFO  c.e.s.j.s.c.JwtAuthenticationFilter                - /api/attendance/all,2022030001,2026-06-04 18:18:05,0.085
2026-06-04 18:18:07,118 [http-nio-22222-exec-2] INFO  c.e.s.j.s.c.JwtAuthenticationFilter                - /api/studentLeave/getTeacherItemOptionList,2022030001,2026-06-04 18:18:07,0.045
2026-06-04 18:18:07,150 [http-nio-22222-exec-9] INFO  c.e.s.j.s.c.JwtAuthenticationFilter                - /api/base/getDictionaryOptionItemList,2022030001,2026-06-04 18:18:07,0.026
2026-06-04 18:18:07,185 [http-nio-22222-exec-5] INFO  c.e.s.j.s.c.JwtAuthenticationFilter                - /api/studentLeave/getStudentLeaveList,2022030001,2026-06-04 18:18:07,0.03
2026-06-04 18:18:07,613 [http-nio-22222-exec-11] WARN  o.s.w.s.m.s.DefaultHandlerExceptionResolver        - Resolved [org.springframework.web.HttpRequestMethodNotSupportedException: Request method 'POST' is not supported]
2026-06-04 18:18:07,615 [http-nio-22222-exec-11] INFO  c.e.s.j.s.c.JwtAuthenticationFilter                - /api/scoreSubmission/all,2022030001,2026-06-04 18:18:07,0.028
2026-06-04 18:18:27,885 [http-nio-22222-exec-2] INFO  c.e.s.j.s.c.JwtAuthenticationFilter                - /api/base/getDataBaseUserName,2022030001,2026-06-04 18:18:27,0.02
2026-06-04 18:18:27,948 [http-nio-22222-exec-9] INFO  c.e.s.j.s.c.JwtAuthenticationFilter                - /api/base/getMenuList,2022030001,2026-06-04 18:18:27,0.057
2026-06-04 18:25:31,640 [http-nio-22222-exec-1] INFO  c.e.s.j.s.c.JwtAuthenticationFilter                - /api/base/getDataBaseUserName,2022030001,2026-06-04 18:25:31,0.027
2026-06-04 18:25:31,746 [http-nio-22222-exec-3] INFO  c.e.s.j.s.c.JwtAuthenticationFilter                - /api/base/getMenuList,2022030001,2026-06-04 18:25:31,0.101
2026-06-04 18:25:44,687 [http-nio-22222-exec-5] INFO  c.e.s.j.s.c.JwtAuthenticationFilter                - /api/base/getDataBaseUserName,admin,2026-06-04 18:25:44,0.029
2026-06-04 18:25:44,860 [http-nio-22222-exec-6] INFO  c.e.s.j.s.c.JwtAuthenticationFilter                - /api/base/getMenuList,admin,2026-06-04 18:25:44,0.167
2026-06-04 18:29:21,288 [http-nio-22222-exec-2] INFO  c.e.s.j.s.c.JwtAuthenticationFilter                - /api/base/getDataBaseUserName,2022030001,2026-06-04 18:29:21,0.032
2026-06-04 18:29:21,384 [http-nio-22222-exec-10] INFO  c.e.s.j.s.c.JwtAuthenticationFilter                - /api/base/getMenuList,2022030001,2026-06-04 18:29:21,0.089
2026-06-04 18:29:26,252 [http-nio-22222-exec-9] INFO  c.e.s.j.s.c.JwtAuthenticationFilter                - /api/student/getStudentList,2022030001,2026-06-04 18:29:26,0.07
2026-06-04 18:29:26,306 [http-nio-22222-exec-11] INFO  c.e.s.j.s.c.JwtAuthenticationFilter                - /api/base/getDictionaryOptionItemList,2022030001,2026-06-04 18:29:26,0.044
2026-06-04 18:29:48,570 [http-nio-22222-exec-1] INFO  c.e.s.j.s.c.JwtAuthenticationFilter                - /api/student/getFamilyMemberList,2022030001,2026-06-04 18:29:48,0.057
2026-06-04 18:29:58,410 [http-nio-22222-exec-8] INFO  c.e.s.j.s.c.JwtAuthenticationFilter                - /api/courseSelection/all,2022030001,2026-06-04 18:29:58,0.079
2026-06-04 18:30:09,312 [http-nio-22222-exec-5] INFO  c.e.s.j.s.c.JwtAuthenticationFilter                - /api/attendance/all,2022030001,2026-06-04 18:30:09,0.076
2026-06-04 18:30:10,987 [http-nio-22222-exec-3] INFO  c.e.s.j.s.c.JwtAuthenticationFilter                - /api/innovationAchievement/all,2022030001,2026-06-04 18:30:10,0.097
2026-06-04 18:30:12,100 [http-nio-22222-exec-1] INFO  c.e.s.j.s.c.JwtAuthenticationFilter                - /api/studentLeave/getTeacherItemOptionList,2022030001,2026-06-04 18:30:12,0.095
2026-06-04 18:30:12,165 [http-nio-22222-exec-4] INFO  c.e.s.j.s.c.JwtAuthenticationFilter                - /api/base/getDictionaryOptionItemList,2022030001,2026-06-04 18:30:12,0.061
2026-06-04 18:30:12,222 [http-nio-22222-exec-8] INFO  c.e.s.j.s.c.JwtAuthenticationFilter                - /api/studentLeave/getStudentLeaveList,2022030001,2026-06-04 18:30:12,0.051
2026-06-04 18:30:12,722 [http-nio-22222-exec-2] WARN  o.s.w.s.m.s.DefaultHandlerExceptionResolver        - Resolved [org.springframework.web.HttpRequestMethodNotSupportedException: Request method 'POST' is not supported]
2026-06-04 18:30:12,723 [http-nio-22222-exec-2] INFO  c.e.s.j.s.c.JwtAuthenticationFilter                - /api/scoreSubmission/all,2022030001,2026-06-04 18:30:12,0.036
2026-06-04 18:35:16,568 [http-nio-22222-exec-8] INFO  c.e.s.j.s.c.JwtAuthenticationFilter                - /api/base/getDataBaseUserName,admin,2026-06-04 18:35:16,0.036
2026-06-04 18:35:16,749 [http-nio-22222-exec-2] INFO  c.e.s.j.s.c.JwtAuthenticationFilter                - /api/base/getMenuList,admin,2026-06-04 18:35:16,0.177
2026-06-04 18:35:20,412 [http-nio-22222-exec-6] INFO  c.e.s.j.s.c.JwtAuthenticationFilter                - /api/teacher/getTeacherList,admin,2026-06-04 18:35:20,0.07
2026-06-04 18:35:20,453 [http-nio-22222-exec-5] INFO  c.e.s.j.s.c.JwtAuthenticationFilter                - /api/base/getDictionaryOptionItemList,admin,2026-06-04 18:35:20,0.036
2026-06-04 18:35:22,442 [http-nio-22222-exec-1] INFO  c.e.s.j.s.c.JwtAuthenticationFilter                - /api/teacher/getTeacherInfo,admin,2026-06-04 18:35:22,0.066
2026-06-04 18:36:49,924 [http-nio-22222-exec-2] INFO  c.e.s.j.s.c.JwtAuthenticationFilter                - /api/teacher/teacherEditSave,admin,2026-06-04 18:36:49,0.68
2026-06-04 18:36:50,003 [http-nio-22222-exec-10] INFO  c.e.s.j.s.c.JwtAuthenticationFilter                - /api/teacher/getTeacherList,admin,2026-06-04 18:36:49,0.044
2026-06-04 18:37:20,986 [http-nio-22222-exec-5] INFO  c.e.s.j.s.c.JwtAuthenticationFilter                - /api/base/getMenuTreeNodeList,admin,2026-06-04 18:37:20,0.169
2026-06-04 18:37:21,350 [http-nio-22222-exec-11] INFO  c.e.s.j.s.c.JwtAuthenticationFilter                - /api/base/getMenuTreeNodeList,admin,2026-06-04 18:37:21,0.149
2026-06-04 18:37:21,701 [http-nio-22222-exec-3] INFO  c.e.s.j.s.c.JwtAuthenticationFilter                - /api/base/getMenuTreeNodeList,admin,2026-06-04 18:37:21,0.16
2026-06-04 18:37:22,257 [http-nio-22222-exec-1] INFO  c.e.s.j.s.c.JwtAuthenticationFilter                - /api/base/getDictionaryTreeNodeList,admin,2026-06-04 18:37:22,0.065
2026-06-04 18:37:22,426 [http-nio-22222-exec-4] INFO  c.e.s.j.s.c.JwtAuthenticationFilter                - /api/base/getDictionaryTreeNodeList,admin,2026-06-04 18:37:22,0.056
2026-06-04 18:37:22,832 [http-nio-22222-exec-8] INFO  c.e.s.j.s.c.JwtAuthenticationFilter                - /api/base/getDictionaryTreeNodeList,admin,2026-06-04 18:37:22,0.06
2026-06-04 18:37:23,001 [http-nio-22222-exec-2] INFO  c.e.s.j.s.c.JwtAuthenticationFilter                - /api/base/getDictionaryTreeNodeList,admin,2026-06-04 18:37:22,0.065
2026-06-04 18:37:23,646 [http-nio-22222-exec-10] INFO  c.e.s.j.s.c.JwtAuthenticationFilter                - /api/student/getStudentList,admin,2026-06-04 18:37:23,0.072
2026-06-04 18:37:23,696 [http-nio-22222-exec-9] INFO  c.e.s.j.s.c.JwtAuthenticationFilter                - /api/base/getDictionaryOptionItemList,admin,2026-06-04 18:37:23,0.043
2026-06-04 18:37:27,963 [http-nio-22222-exec-9] INFO  c.e.s.j.s.c.JwtAuthenticationFilter                - /api/course/getCourseList,admin,2026-06-04 18:37:27,0.05
2026-06-04 18:37:29,005 [http-nio-22222-exec-3] INFO  c.e.s.j.s.c.JwtAuthenticationFilter                - /api/courseSelection/all,admin,2026-06-04 18:37:28,0.086
2026-06-04 18:37:29,637 [http-nio-22222-exec-6] INFO  c.e.s.j.s.c.JwtAuthenticationFilter                - /api/attendance/all,admin,2026-06-04 18:37:29,0.077
2026-06-04 18:37:31,801 [http-nio-22222-exec-1] INFO  c.e.s.j.s.c.JwtAuthenticationFilter                - /api/innovationAchievement/all,admin,2026-06-04 18:37:31,0.059
2026-06-04 18:37:32,172 [http-nio-22222-exec-2] WARN  o.s.w.s.m.s.DefaultHandlerExceptionResolver        - Resolved [org.springframework.web.HttpRequestMethodNotSupportedException: Request method 'POST' is not supported]
2026-06-04 18:37:32,172 [http-nio-22222-exec-2] INFO  c.e.s.j.s.c.JwtAuthenticationFilter                - /api/approvalWorkflow/all,admin,2026-06-04 18:37:32,0.031
2026-06-04 18:37:33,367 [http-nio-22222-exec-9] WARN  o.s.w.s.m.s.DefaultHandlerExceptionResolver        - Resolved [org.springframework.web.HttpRequestMethodNotSupportedException: Request method 'POST' is not supported]
2026-06-04 18:37:33,367 [http-nio-22222-exec-9] INFO  c.e.s.j.s.c.JwtAuthenticationFilter                - /api/scoreSubmission/all,admin,2026-06-04 18:37:33,0.041
2026-06-04 18:37:44,613 [http-nio-22222-exec-5] INFO  c.e.s.j.s.c.JwtAuthenticationFilter                - /api/teacher/getTeacherInfo,admin,2026-06-04 18:37:44,0.079
2026-06-04 18:37:50,525 [http-nio-22222-exec-4] INFO  c.e.s.j.s.c.JwtAuthenticationFilter                - /api/teacher/getTeacherInfo,admin,2026-06-04 18:37:50,0.086
2026-06-04 18:40:02,419 [http-nio-22222-exec-2] INFO  c.e.s.j.s.c.JwtAuthenticationFilter                - /api/base/getDataBaseUserName,202201,2026-06-04 18:40:02,0.032
2026-06-04 18:40:02,515 [http-nio-22222-exec-10] INFO  c.e.s.j.s.c.JwtAuthenticationFilter                - /api/base/getMenuList,202201,2026-06-04 18:40:02,0.091
2026-06-04 18:40:04,899 [http-nio-22222-exec-8] INFO  c.e.s.j.s.c.JwtAuthenticationFilter                - /api/attendance/all,202201,2026-06-04 18:40:04,0.08
2026-06-04 18:40:06,158 [http-nio-22222-exec-6] INFO  c.e.s.j.s.c.JwtAuthenticationFilter                - /api/course/getCourseList,202201,2026-06-04 18:40:06,0.052
2026-06-04 18:40:06,932 [http-nio-22222-exec-4] INFO  c.e.s.j.s.c.JwtAuthenticationFilter                - /api/studentLeave/getTeacherItemOptionList,202201,2026-06-04 18:40:06,0.086
2026-06-04 18:40:06,978 [http-nio-22222-exec-11] INFO  c.e.s.j.s.c.JwtAuthenticationFilter                - /api/base/getDictionaryOptionItemList,202201,2026-06-04 18:40:06,0.04
2026-06-04 18:40:07,026 [http-nio-22222-exec-1] INFO  c.e.s.j.s.c.JwtAuthenticationFilter                - /api/studentLeave/getStudentLeaveList,202201,2026-06-04 18:40:06,0.042
2026-06-04 18:40:08,066 [http-nio-22222-exec-2] WARN  o.s.w.s.m.s.DefaultHandlerExceptionResolver        - Resolved [org.springframework.web.HttpRequestMethodNotSupportedException: Request method 'POST' is not supported]
2026-06-04 18:40:08,066 [http-nio-22222-exec-2] INFO  c.e.s.j.s.c.JwtAuthenticationFilter                - /api/scoreSubmission/all,202201,2026-06-04 18:40:08,0.046
2026-06-04 18:40:16,048 [http-nio-22222-exec-11] INFO  c.e.s.j.s.c.JwtAuthenticationFilter                - /api/base/getDataBaseUserName,admin,2026-06-04 18:40:16,0.03
2026-06-04 18:40:16,216 [http-nio-22222-exec-1] INFO  c.e.s.j.s.c.JwtAuthenticationFilter                - /api/base/getMenuList,admin,2026-06-04 18:40:16,0.162
2026-06-04 18:40:19,815 [http-nio-22222-exec-2] INFO  c.e.s.j.s.c.JwtAuthenticationFilter                - /api/teacher/getTeacherList,admin,2026-06-04 18:40:19,0.035
2026-06-04 18:40:19,846 [http-nio-22222-exec-10] INFO  c.e.s.j.s.c.JwtAuthenticationFilter                - /api/base/getDictionaryOptionItemList,admin,2026-06-04 18:40:19,0.026
2026-06-04 18:42:01,222 [http-nio-22222-exec-4] INFO  c.e.s.j.s.c.JwtAuthenticationFilter                - /api/student/getStudentList,admin,2026-06-04 18:42:01,0.071
2026-06-04 18:42:01,267 [http-nio-22222-exec-11] INFO  c.e.s.j.s.c.JwtAuthenticationFilter                - /api/base/getDictionaryOptionItemList,admin,2026-06-04 18:42:01,0.04
2026-06-04 18:59:57,367 [HikariPool-1 housekeeper] WARN  com.zaxxer.hikari.pool.HikariPool                  - HikariPool-1 - Thread starvation or clock leap detected (housekeeper delta=7m53s446ms693µs300ns).
2026-06-04 21:16:01,637 [HikariPool-1 housekeeper] WARN  com.zaxxer.hikari.pool.HikariPool                  - HikariPool-1 - Thread starvation or clock leap detected (housekeeper delta=2h16m4s269ms214µs).
2026-06-04 21:18:27,285 [http-nio-22222-exec-3] INFO  c.e.s.j.s.c.JwtAuthenticationFilter                - /api/base/getDataBaseUserName,admin,2026-06-04 21:18:27,0.026
2026-06-04 21:18:27,673 [http-nio-22222-exec-5] INFO  c.e.s.j.s.c.JwtAuthenticationFilter                - /api/base/getMenuList,admin,2026-06-04 21:18:27,0.381
2026-06-04 21:18:37,963 [http-nio-22222-exec-6] INFO  c.e.s.j.s.c.JwtAuthenticationFilter                - /api/teacher/getTeacherList,admin,2026-06-04 21:18:37,0.055
2026-06-04 21:18:38,033 [http-nio-22222-exec-4] INFO  c.e.s.j.s.c.JwtAuthenticationFilter                - /api/base/getDictionaryOptionItemList,admin,2026-06-04 21:18:37,0.065
2026-06-04 21:18:47,998 [http-nio-22222-exec-2] INFO  c.e.s.j.s.c.JwtAuthenticationFilter                - /api/student/getStudentList,admin,2026-06-04 21:18:47,0.06
2026-06-04 21:18:48,031 [http-nio-22222-exec-10] INFO  c.e.s.j.s.c.JwtAuthenticationFilter                - /api/base/getDictionaryOptionItemList,admin,2026-06-04 21:18:48,0.028
2026-06-04 21:19:43,841 [http-nio-22222-exec-8] INFO  c.e.s.j.s.c.JwtAuthenticationFilter                - /api/teacher/getTeacherInfo,admin,2026-06-04 21:19:43,0.09
2026-06-04 21:22:19,181 [http-nio-22222-exec-4] INFO  c.e.s.j.s.c.JwtAuthenticationFilter                - /api/user/resetPassword,admin,2026-06-04 21:22:19,0.079
2026-06-04 21:22:31,326 [http-nio-22222-exec-1] INFO  c.e.s.j.s.c.JwtAuthenticationFilter                - /api/user/resetPassword,admin,2026-06-04 21:22:31,0.079
2026-06-04 21:22:36,887 [http-nio-22222-exec-11] INFO  c.e.s.j.s.c.JwtAuthenticationFilter                - /api/user/resetPassword,admin,2026-06-04 21:22:36,0.065
2026-06-04 21:22:50,634 [http-nio-22222-exec-5] INFO  c.e.s.j.s.c.JwtAuthenticationFilter                - /api/teacher/getTeacherInfo,admin,2026-06-04 21:22:50,0.067
2026-06-04 21:22:53,153 [http-nio-22222-exec-9] INFO  c.e.s.j.s.c.JwtAuthenticationFilter                - /api/teacher/getTeacherInfo,admin,2026-06-04 21:22:52,0.176
2026-06-04 21:26:22,533 [http-nio-22222-exec-4] INFO  c.e.s.j.s.c.JwtAuthenticationFilter                - /api/teacher/getTeacherInfo,admin,2026-06-04 21:26:22,0.128
2026-06-04 21:36:00,907 [http-nio-22222-exec-11] INFO  c.e.s.j.s.c.JwtAuthenticationFilter                - /api/base/getDictionaryTreeNodeList,admin,2026-06-04 21:36:00,0.073
2026-06-04 21:36:40,508 [http-nio-22222-exec-3] INFO  c.e.s.j.s.c.JwtAuthenticationFilter                - /api/base/getDataBaseUserName,admin,2026-06-04 21:36:40,0.029
2026-06-04 21:36:40,715 [http-nio-22222-exec-5] INFO  c.e.s.j.s.c.JwtAuthenticationFilter                - /api/base/getMenuList,admin,2026-06-04 21:36:40,0.201
2026-06-04 21:36:47,539 [http-nio-22222-exec-6] INFO  c.e.s.j.s.c.JwtAuthenticationFilter                - /api/base/getMenuTreeNodeList,admin,2026-06-04 21:36:47,0.135
2026-06-04 21:36:47,718 [http-nio-22222-exec-4] INFO  c.e.s.j.s.c.JwtAuthenticationFilter                - /api/base/getMenuTreeNodeList,admin,2026-06-04 21:36:47,0.137
2026-06-04 21:36:48,093 [http-nio-22222-exec-1] INFO  c.e.s.j.s.c.JwtAuthenticationFilter                - /api/base/getDictionaryTreeNodeList,admin,2026-06-04 21:36:48,0.083
2026-06-04 21:36:48,294 [http-nio-22222-exec-11] INFO  c.e.s.j.s.c.JwtAuthenticationFilter                - /api/base/getDictionaryTreeNodeList,admin,2026-06-04 21:36:48,0.067
2026-06-04 21:36:49,375 [http-nio-22222-exec-10] INFO  c.e.s.j.s.c.JwtAuthenticationFilter                - /api/base/getDictionaryTreeNodeList,admin,2026-06-04 21:36:49,0.083
2026-06-04 21:36:49,818 [http-nio-22222-exec-2] INFO  c.e.s.j.s.c.JwtAuthenticationFilter                - /api/course/getCourseList,admin,2026-06-04 21:36:49,0.045
2026-06-04 21:36:50,824 [http-nio-22222-exec-1] INFO  c.e.s.j.s.c.JwtAuthenticationFilter                - /api/score/getStudentItemOptionList,admin,2026-06-04 21:36:50,0.116
2026-06-04 21:36:50,983 [http-nio-22222-exec-11] INFO  c.e.s.j.s.c.JwtAuthenticationFilter                - /api/score/getCourseItemOptionList,admin,2026-06-04 21:36:50,0.153
2026-06-04 21:36:51,153 [http-nio-22222-exec-10] INFO  c.e.s.j.s.c.JwtAuthenticationFilter                - /api/score/getScoreList,admin,2026-06-04 21:36:50,0.165
2026-06-04 21:37:04,404 [http-nio-22222-exec-4] INFO  c.e.s.j.s.c.JwtAuthenticationFilter                - /api/courseSelection/all,admin,2026-06-04 21:37:04,0.168
2026-06-04 21:37:08,147 [http-nio-22222-exec-9] INFO  c.e.s.j.s.c.JwtAuthenticationFilter                - /api/attendance/all,admin,2026-06-04 21:37:08,0.098
2026-06-04 21:37:08,734 [http-nio-22222-exec-1] INFO  c.e.s.j.s.c.JwtAuthenticationFilter                - /api/innovationAchievement/all,admin,2026-06-04 21:37:08,0.053
2026-06-04 21:37:09,539 [http-nio-22222-exec-10] WARN  o.s.w.s.m.s.DefaultHandlerExceptionResolver        - Resolved [org.springframework.web.HttpRequestMethodNotSupportedException: Request method 'POST' is not supported]
2026-06-04 21:37:09,540 [http-nio-22222-exec-10] INFO  c.e.s.j.s.c.JwtAuthenticationFilter                - /api/approvalWorkflow/all,admin,2026-06-04 21:37:09,0.035
2026-06-04 21:37:10,676 [http-nio-22222-exec-8] WARN  o.s.w.s.m.s.DefaultHandlerExceptionResolver        - Resolved [org.springframework.web.HttpRequestMethodNotSupportedException: Request method 'POST' is not supported]
2026-06-04 21:37:10,676 [http-nio-22222-exec-8] INFO  c.e.s.j.s.c.JwtAuthenticationFilter                - /api/scoreSubmission/all,admin,2026-06-04 21:37:10,0.039
2026-06-04 21:37:20,862 [http-nio-22222-exec-4] INFO  c.e.s.j.s.c.JwtAuthenticationFilter                - /api/base/getDictionaryTreeNodeList,admin,2026-06-04 21:37:20,0.053
2026-06-04 21:37:21,874 [http-nio-22222-exec-9] INFO  c.e.s.j.s.c.JwtAuthenticationFilter                - /api/base/getDictionaryTreeNodeList,admin,2026-06-04 21:37:21,0.09
2026-06-04 21:37:34,760 [http-nio-22222-exec-10] INFO  c.e.s.j.s.c.JwtAuthenticationFilter                - /api/base/getDataBaseUserName,admin,2026-06-04 21:37:34,0.022
2026-06-04 21:37:34,899 [http-nio-22222-exec-3] INFO  c.e.s.j.s.c.JwtAuthenticationFilter                - /api/base/getMenuList,admin,2026-06-04 21:37:34,0.136
2026-06-04 21:37:43,328 [http-nio-22222-exec-4] INFO  c.e.s.j.s.c.JwtAuthenticationFilter                - /api/base/getMenuTreeNodeList,admin,2026-06-04 21:37:42,0.839
2026-06-04 21:40:47,109 [http-nio-22222-exec-1] INFO  c.e.s.j.s.c.JwtAuthenticationFilter                - /api/base/getDataBaseUserName,admin,2026-06-04 21:40:47,0.033
2026-06-04 21:40:47,300 [http-nio-22222-exec-11] INFO  c.e.s.j.s.c.JwtAuthenticationFilter                - /api/base/getMenuList,admin,2026-06-04 21:40:47,0.187
2026-06-04 21:40:59,326 [http-nio-22222-exec-8] INFO  c.e.s.j.s.c.JwtAuthenticationFilter                - /api/teacher/getTeacherList,admin,2026-06-04 21:40:59,0.061
2026-06-04 21:40:59,379 [http-nio-22222-exec-2] INFO  c.e.s.j.s.c.JwtAuthenticationFilter                - /api/base/getDictionaryOptionItemList,admin,2026-06-04 21:40:59,0.048
2026-06-04 21:42:44,714 [http-nio-22222-exec-1] INFO  c.e.s.j.s.c.JwtAuthenticationFilter                - /api/base/getDataBaseUserName,admin,2026-06-04 21:42:44,0.08
2026-06-04 21:42:44,919 [http-nio-22222-exec-11] INFO  c.e.s.j.s.c.JwtAuthenticationFilter                - /api/base/getMenuList,admin,2026-06-04 21:42:44,0.199
2026-06-04 21:42:47,875 [http-nio-22222-exec-10] INFO  c.e.s.j.s.c.JwtAuthenticationFilter                - /api/student/getStudentList,admin,2026-06-04 21:42:47,0.063
2026-06-04 21:42:47,967 [http-nio-22222-exec-4] INFO  c.e.s.j.s.c.JwtAuthenticationFilter                - /api/base/getDictionaryOptionItemList,admin,2026-06-04 21:42:47,0.082
2026-06-04 21:42:51,655 [http-nio-22222-exec-9] INFO  c.e.s.j.s.c.JwtAuthenticationFilter                - /api/teacher/getTeacherList,admin,2026-06-04 21:42:51,0.052
2026-06-04 21:42:51,727 [http-nio-22222-exec-5] INFO  c.e.s.j.s.c.JwtAuthenticationFilter                - /api/base/getDictionaryOptionItemList,admin,2026-06-04 21:42:51,0.066
2026-06-04 21:47:08,727 [SpringApplicationShutdownHook] INFO  o.s.o.j.LocalContainerEntityManagerFactoryBean     - Closing JPA EntityManagerFactory for persistence unit 'default'
2026-06-04 21:47:08,733 [SpringApplicationShutdownHook] INFO  com.zaxxer.hikari.HikariDataSource                 - HikariPool-1 - Shutdown initiated...
2026-06-04 21:47:08,735 [SpringApplicationShutdownHook] INFO  com.zaxxer.hikari.HikariDataSource                 - HikariPool-1 - Shutdown completed.
2026-06-04 23:11:25,700 [background-preinit] INFO  o.h.validator.internal.util.Version                - HV000001: Hibernate Validator 8.0.1.Final
2026-06-04 23:11:25,720 [main] INFO  c.e.s.java.server.JavaServerApplication            - Starting JavaServerApplication using Java 25 with PID 17872 (D:\java_classwork-2--copilot-understand-codebase-structure\java_classwork-2--copilot-understand-codebase-structure\java-server\target\classes started by HP in D:\java_classwork-2--copilot-understand-codebase-structure\java_classwork-2--copilot-understand-codebase-structure\java-server)
2026-06-04 23:11:25,720 [main] INFO  c.e.s.java.server.JavaServerApplication            - No active profile set, falling back to 1 default profile: "default"
2026-06-04 23:11:26,197 [main] INFO  o.s.d.r.c.RepositoryConfigurationDelegate          - Multiple Spring Data modules found, entering strict repository configuration mode
2026-06-04 23:11:26,199 [main] INFO  o.s.d.r.c.RepositoryConfigurationDelegate          - Bootstrapping Spring Data JPA repositories in DEFAULT mode.
2026-06-04 23:11:26,316 [main] INFO  o.s.d.r.c.RepositoryConfigurationDelegate          - Finished Spring Data repository scanning in 111 ms. Found 21 JPA repository interfaces.
2026-06-04 23:11:26,329 [main] INFO  o.s.d.r.c.RepositoryConfigurationDelegate          - Multiple Spring Data modules found, entering strict repository configuration mode
2026-06-04 23:11:26,329 [main] INFO  o.s.d.r.c.RepositoryConfigurationDelegate          - Bootstrapping Spring Data Redis repositories in DEFAULT mode.
2026-06-04 23:11:26,339 [main] INFO  o.s.d.r.c.RepositoryConfigurationExtensionSupport  - Spring Data Redis - Could not safely identify store assignment for repository candidate interface cn.edu.sdu.java.server.repositorys.ApprovalWorkflowRepository; If you want this repository to be a Redis repository, consider annotating your entities with one of these annotations: org.springframework.data.redis.core.RedisHash (preferred), or consider extending one of the following types with your repository: org.springframework.data.keyvalue.repository.KeyValueRepository
2026-06-04 23:11:26,339 [main] INFO  o.s.d.r.c.RepositoryConfigurationExtensionSupport  - Spring Data Redis - Could not safely identify store assignment for repository candidate interface cn.edu.sdu.java.server.repositorys.AttendanceRepository; If you want this repository to be a Redis repository, consider annotating your entities with one of these annotations: org.springframework.data.redis.core.RedisHash (preferred), or consider extending one of the following types with your repository: org.springframework.data.keyvalue.repository.KeyValueRepository
2026-06-04 23:11:26,339 [main] INFO  o.s.d.r.c.RepositoryConfigurationExtensionSupport  - Spring Data Redis - Could not safely identify store assignment for repository candidate interface cn.edu.sdu.java.server.repositorys.CourseRepository; If you want this repository to be a Redis repository, consider annotating your entities with one of these annotations: org.springframework.data.redis.core.RedisHash (preferred), or consider extending one of the following types with your repository: org.springframework.data.keyvalue.repository.KeyValueRepository
2026-06-04 23:11:26,339 [main] INFO  o.s.d.r.c.RepositoryConfigurationExtensionSupport  - Spring Data Redis - Could not safely identify store assignment for repository candidate interface cn.edu.sdu.java.server.repositorys.CourseSelectionRepository; If you want this repository to be a Redis repository, consider annotating your entities with one of these annotations: org.springframework.data.redis.core.RedisHash (preferred), or consider extending one of the following types with your repository: org.springframework.data.keyvalue.repository.KeyValueRepository
2026-06-04 23:11:26,340 [main] INFO  o.s.d.r.c.RepositoryConfigurationExtensionSupport  - Spring Data Redis - Could not safely identify store assignment for repository candidate interface cn.edu.sdu.java.server.repositorys.DictionaryInfoRepository; If you want this repository to be a Redis repository, consider annotating your entities with one of these annotations: org.springframework.data.redis.core.RedisHash (preferred), or consider extending one of the following types with your repository: org.springframework.data.keyvalue.repository.KeyValueRepository
2026-06-04 23:11:26,340 [main] INFO  o.s.d.r.c.RepositoryConfigurationExtensionSupport  - Spring Data Redis - Could not safely identify store assignment for repository candidate interface cn.edu.sdu.java.server.repositorys.FamilyMemberRepository; If you want this repository to be a Redis repository, consider annotating your entities with one of these annotations: org.springframework.data.redis.core.RedisHash (preferred), or consider extending one of the following types with your repository: org.springframework.data.keyvalue.repository.KeyValueRepository
2026-06-04 23:11:26,341 [main] INFO  o.s.d.r.c.RepositoryConfigurationExtensionSupport  - Spring Data Redis - Could not safely identify store assignment for repository candidate interface cn.edu.sdu.java.server.repositorys.FeeRepository; If you want this repository to be a Redis repository, consider annotating your entities with one of these annotations: org.springframework.data.redis.core.RedisHash (preferred), or consider extending one of the following types with your repository: org.springframework.data.keyvalue.repository.KeyValueRepository
2026-06-04 23:11:26,341 [main] INFO  o.s.d.r.c.RepositoryConfigurationExtensionSupport  - Spring Data Redis - Could not safely identify store assignment for repository candidate interface cn.edu.sdu.java.server.repositorys.InnovationAchievementRepository; If you want this repository to be a Redis repository, consider annotating your entities with one of these annotations: org.springframework.data.redis.core.RedisHash (preferred), or consider extending one of the following types with your repository: org.springframework.data.keyvalue.repository.KeyValueRepository
2026-06-04 23:11:26,341 [main] INFO  o.s.d.r.c.RepositoryConfigurationExtensionSupport  - Spring Data Redis - Could not safely identify store assignment for repository candidate interface cn.edu.sdu.java.server.repositorys.MenuInfoRepository; If you want this repository to be a Redis repository, consider annotating your entities with one of these annotations: org.springframework.data.redis.core.RedisHash (preferred), or consider extending one of the following types with your repository: org.springframework.data.keyvalue.repository.KeyValueRepository
2026-06-04 23:11:26,341 [main] INFO  o.s.d.r.c.RepositoryConfigurationExtensionSupport  - Spring Data Redis - Could not safely identify store assignment for repository candidate interface cn.edu.sdu.java.server.repositorys.ModifyLogRepository; If you want this repository to be a Redis repository, consider annotating your entities with one of these annotations: org.springframework.data.redis.core.RedisHash (preferred), or consider extending one of the following types with your repository: org.springframework.data.keyvalue.repository.KeyValueRepository
2026-06-04 23:11:26,342 [main] INFO  o.s.d.r.c.RepositoryConfigurationExtensionSupport  - Spring Data Redis - Could not safely identify store assignment for repository candidate interface cn.edu.sdu.java.server.repositorys.PersonRepository; If you want this repository to be a Redis repository, consider annotating your entities with one of these annotations: org.springframework.data.redis.core.RedisHash (preferred), or consider extending one of the following types with your repository: org.springframework.data.keyvalue.repository.KeyValueRepository
2026-06-04 23:11:26,342 [main] INFO  o.s.d.r.c.RepositoryConfigurationExtensionSupport  - Spring Data Redis - Could not safely identify store assignment for repository candidate interface cn.edu.sdu.java.server.repositorys.ScoreRepository; If you want this repository to be a Redis repository, consider annotating your entities with one of these annotations: org.springframework.data.redis.core.RedisHash (preferred), or consider extending one of the following types with your repository: org.springframework.data.keyvalue.repository.KeyValueRepository
2026-06-04 23:11:26,342 [main] INFO  o.s.d.r.c.RepositoryConfigurationExtensionSupport  - Spring Data Redis - Could not safely identify store assignment for repository candidate interface cn.edu.sdu.java.server.repositorys.ScoreSubmissionRepository; If you want this repository to be a Redis repository, consider annotating your entities with one of these annotations: org.springframework.data.redis.core.RedisHash (preferred), or consider extending one of the following types with your repository: org.springframework.data.keyvalue.repository.KeyValueRepository
2026-06-04 23:11:26,342 [main] INFO  o.s.d.r.c.RepositoryConfigurationExtensionSupport  - Spring Data Redis - Could not safely identify store assignment for repository candidate interface cn.edu.sdu.java.server.repositorys.StatisticsDayRepository; If you want this repository to be a Redis repository, consider annotating your entities with one of these annotations: org.springframework.data.redis.core.RedisHash (preferred), or consider extending one of the following types with your repository: org.springframework.data.keyvalue.repository.KeyValueRepository
2026-06-04 23:11:26,342 [main] INFO  o.s.d.r.c.RepositoryConfigurationExtensionSupport  - Spring Data Redis - Could not safely identify store assignment for repository candidate interface cn.edu.sdu.java.server.repositorys.StudentLeaveRepository; If you want this repository to be a Redis repository, consider annotating your entities with one of these annotations: org.springframework.data.redis.core.RedisHash (preferred), or consider extending one of the following types with your repository: org.springframework.data.keyvalue.repository.KeyValueRepository
2026-06-04 23:11:26,342 [main] INFO  o.s.d.r.c.RepositoryConfigurationExtensionSupport  - Spring Data Redis - Could not safely identify store assignment for repository candidate interface cn.edu.sdu.java.server.repositorys.StudentRepository; If you want this repository to be a Redis repository, consider annotating your entities with one of these annotations: org.springframework.data.redis.core.RedisHash (preferred), or consider extending one of the following types with your repository: org.springframework.data.keyvalue.repository.KeyValueRepository
2026-06-04 23:11:26,342 [main] INFO  o.s.d.r.c.RepositoryConfigurationExtensionSupport  - Spring Data Redis - Could not safely identify store assignment for repository candidate interface cn.edu.sdu.java.server.repositorys.StudentStatisticsRepository; If you want this repository to be a Redis repository, consider annotating your entities with one of these annotations: org.springframework.data.redis.core.RedisHash (preferred), or consider extending one of the following types with your repository: org.springframework.data.keyvalue.repository.KeyValueRepository
2026-06-04 23:11:26,342 [main] INFO  o.s.d.r.c.RepositoryConfigurationExtensionSupport  - Spring Data Redis - Could not safely identify store assignment for repository candidate interface cn.edu.sdu.java.server.repositorys.SystemInfoRepository; If you want this repository to be a Redis repository, consider annotating your entities with one of these annotations: org.springframework.data.redis.core.RedisHash (preferred), or consider extending one of the following types with your repository: org.springframework.data.keyvalue.repository.KeyValueRepository
2026-06-04 23:11:26,342 [main] INFO  o.s.d.r.c.RepositoryConfigurationExtensionSupport  - Spring Data Redis - Could not safely identify store assignment for repository candidate interface cn.edu.sdu.java.server.repositorys.TeacherRepository; If you want this repository to be a Redis repository, consider annotating your entities with one of these annotations: org.springframework.data.redis.core.RedisHash (preferred), or consider extending one of the following types with your repository: org.springframework.data.keyvalue.repository.KeyValueRepository
2026-06-04 23:11:26,342 [main] INFO  o.s.d.r.c.RepositoryConfigurationExtensionSupport  - Spring Data Redis - Could not safely identify store assignment for repository candidate interface cn.edu.sdu.java.server.repositorys.UserRepository; If you want this repository to be a Redis repository, consider annotating your entities with one of these annotations: org.springframework.data.redis.core.RedisHash (preferred), or consider extending one of the following types with your repository: org.springframework.data.keyvalue.repository.KeyValueRepository
2026-06-04 23:11:26,342 [main] INFO  o.s.d.r.c.RepositoryConfigurationExtensionSupport  - Spring Data Redis - Could not safely identify store assignment for repository candidate interface cn.edu.sdu.java.server.repositorys.UserTypeRepository; If you want this repository to be a Redis repository, consider annotating your entities with one of these annotations: org.springframework.data.redis.core.RedisHash (preferred), or consider extending one of the following types with your repository: org.springframework.data.keyvalue.repository.KeyValueRepository
2026-06-04 23:11:26,343 [main] INFO  o.s.d.r.c.RepositoryConfigurationDelegate          - Finished Spring Data repository scanning in 7 ms. Found 0 Redis repository interfaces.
2026-06-04 23:11:26,684 [main] INFO  o.s.b.w.embedded.tomcat.TomcatWebServer            - Tomcat initialized with port 22222 (http)
2026-06-04 23:11:26,690 [main] INFO  o.apache.coyote.http11.Http11NioProtocol           - Initializing ProtocolHandler ["http-nio-22222"]
2026-06-04 23:11:26,692 [main] INFO  o.apache.catalina.core.StandardService             - Starting service [Tomcat]
2026-06-04 23:11:26,692 [main] INFO  org.apache.catalina.core.StandardEngine            - Starting Servlet engine: [Apache Tomcat/10.1.20]
2026-06-04 23:11:26,728 [main] INFO  o.a.c.c.C.[Tomcat].[localhost].[/]                 - Initializing Spring embedded WebApplicationContext
2026-06-04 23:11:26,728 [main] INFO  o.s.b.w.s.c.ServletWebServerApplicationContext     - Root WebApplicationContext: initialization completed in 985 ms
2026-06-04 23:11:26,812 [main] INFO  o.hibernate.jpa.internal.util.LogHelper            - HHH000204: Processing PersistenceUnitInfo [name: default]
2026-06-04 23:11:26,854 [main] INFO  org.hibernate.Version                              - HHH000412: Hibernate ORM core version 6.4.4.Final
2026-06-04 23:11:26,878 [main] INFO  o.h.c.internal.RegionFactoryInitiator              - HHH000026: Second-level cache disabled
2026-06-04 23:11:27,038 [main] INFO  o.s.o.j.p.SpringPersistenceUnitInfo                - No LoadTimeWeaver setup: ignoring JPA class transformer
2026-06-04 23:11:27,073 [main] INFO  com.zaxxer.hikari.HikariDataSource                 - HikariPool-1 - Starting...
2026-06-04 23:11:27,230 [main] INFO  com.zaxxer.hikari.pool.HikariPool                  - HikariPool-1 - Added connection com.mysql.cj.jdbc.ConnectionImpl@e994ca
2026-06-04 23:11:27,232 [main] INFO  com.zaxxer.hikari.HikariDataSource                 - HikariPool-1 - Start completed.
2026-06-04 23:11:27,281 [main] WARN  org.hibernate.orm.deprecation                      - HHH90000025: MySQL8Dialect does not need to be specified explicitly using 'hibernate.dialect' (remove the property setting and it will be selected by default)
2026-06-04 23:11:27,283 [main] WARN  org.hibernate.orm.deprecation                      - HHH90000026: MySQL8Dialect has been deprecated; use org.hibernate.dialect.MySQLDialect instead
2026-06-04 23:11:28,079 [main] INFO  o.h.e.t.j.p.i.JtaPlatformInitiator                 - HHH000489: No JTA platform available (set 'hibernate.transaction.jta.platform' to enable JTA platform integration)
2026-06-04 23:11:28,826 [main] INFO  o.s.o.j.LocalContainerEntityManagerFactoryBean     - Initialized JPA EntityManagerFactory for persistence unit 'default'
2026-06-04 23:11:28,980 [main] INFO  o.s.d.j.r.query.QueryEnhancerFactory               - Hibernate is in classpath; If applicable, HQL parser will be used.
2026-06-04 23:11:29,200 [main] WARN  o.s.b.a.o.j.JpaBaseConfiguration$JpaWebConfiguration - spring.jpa.open-in-view is enabled by default. Therefore, database queries may be performed during view rendering. Explicitly configure spring.jpa.open-in-view to disable this warning
2026-06-04 23:11:29,773 [main] INFO  o.s.b.a.w.s.WelcomePageHandlerMapping              - Adding welcome page: class path resource [public/index.html]
2026-06-04 23:11:29,858 [main] INFO  o.s.s.web.DefaultSecurityFilterChain               - Will secure any request with [org.springframework.security.web.session.DisableEncodeUrlFilter@622031f8, org.springframework.security.web.context.request.async.WebAsyncManagerIntegrationFilter@366c2d9c, org.springframework.security.web.context.SecurityContextHolderFilter@599f0fab, org.springframework.security.web.header.HeaderWriterFilter@5c98b98, org.springframework.web.filter.CorsFilter@1872c2d5, org.springframework.security.web.authentication.logout.LogoutFilter@425ee3ab, cn.edu.sdu.java.server.configs.JwtAuthenticationFilter@29e40db1, org.springframework.security.web.savedrequest.RequestCacheAwareFilter@5680639f, org.springframework.security.web.servletapi.SecurityContextHolderAwareRequestFilter@1e35c3ff, org.springframework.security.web.authentication.AnonymousAuthenticationFilter@15b810df, org.springframework.security.web.session.SessionManagementFilter@51077e04, org.springframework.security.web.access.ExceptionTranslationFilter@6cf737db, org.springframework.security.web.access.intercept.AuthorizationFilter@1e594828]
2026-06-04 23:11:30,147 [main] INFO  o.apache.coyote.http11.Http11NioProtocol           - Starting ProtocolHandler ["http-nio-22222"]
2026-06-04 23:11:30,159 [main] INFO  o.s.b.w.embedded.tomcat.TomcatWebServer            - Tomcat started on port 22222 (http) with context path ''
2026-06-04 23:11:30,166 [main] INFO  c.e.s.java.server.JavaServerApplication            - Started JavaServerApplication in 4.807 seconds (process running for 5.264)
2026-06-04 23:11:30,168 [main] INFO  c.e.s.j.server.SystemApplicationListener           - org.springframework.boot.context.event.ApplicationReadyEvent[source=org.springframework.boot.SpringApplication@1552bdc6]
2026-06-04 23:11:30,168 [main] INFO  c.e.s.j.server.SystemApplicationListener           - SystemInitStart
2026-06-04 23:11:30,357 [main] INFO  c.e.s.j.server.SystemApplicationListener           - systemInitEnd
2026-06-04 23:11:40,406 [http-nio-22222-exec-1] INFO  o.a.c.c.C.[Tomcat].[localhost].[/]                 - Initializing Spring DispatcherServlet 'dispatcherServlet'
2026-06-04 23:11:40,406 [http-nio-22222-exec-1] INFO  o.s.web.servlet.DispatcherServlet                  - Initializing Servlet 'dispatcherServlet'
2026-06-04 23:11:40,406 [http-nio-22222-exec-1] INFO  o.s.web.servlet.DispatcherServlet                  - Completed initialization in 0 ms
2026-06-04 23:11:40,873 [http-nio-22222-exec-2] INFO  c.e.s.j.s.c.JwtAuthenticationFilter                - /api/base/getDataBaseUserName,admin,2026-06-04 23:11:40,0.046
2026-06-04 23:11:41,068 [http-nio-22222-exec-3] INFO  c.e.s.j.s.c.JwtAuthenticationFilter                - /api/base/getMenuList,admin,2026-06-04 23:11:40,0.19
2026-06-04 23:11:43,964 [http-nio-22222-exec-10] INFO  c.e.s.j.s.c.JwtAuthenticationFilter                - /api/student/getStudentList,admin,2026-06-04 23:11:43,0.076
2026-06-04 23:11:44,035 [http-nio-22222-exec-7] INFO  c.e.s.j.s.c.JwtAuthenticationFilter                - /api/base/getDictionaryOptionItemList,admin,2026-06-04 23:11:43,0.065
2026-06-04 23:11:46,148 [http-nio-22222-exec-6] INFO  c.e.s.j.s.c.JwtAuthenticationFilter                - /api/teacher/getTeacherList,admin,2026-06-04 23:11:46,0.074
2026-06-04 23:11:46,193 [http-nio-22222-exec-1] INFO  c.e.s.j.s.c.JwtAuthenticationFilter                - /api/base/getDictionaryOptionItemList,admin,2026-06-04 23:11:46,0.04
2026-06-04 23:12:05,980 [http-nio-22222-exec-5] INFO  c.e.s.j.s.c.JwtAuthenticationFilter                - /api/course/getCourseList,admin,2026-06-04 23:12:05,0.055
2026-06-04 23:12:06,465 [http-nio-22222-exec-10] INFO  c.e.s.j.s.c.JwtAuthenticationFilter                - /api/score/getStudentItemOptionList,admin,2026-06-04 23:12:06,0.08
2026-06-04 23:12:06,544 [http-nio-22222-exec-7] INFO  c.e.s.j.s.c.JwtAuthenticationFilter                - /api/score/getCourseItemOptionList,admin,2026-06-04 23:12:06,0.074
2026-06-04 23:12:06,628 [http-nio-22222-exec-9] INFO  c.e.s.j.s.c.JwtAuthenticationFilter                - /api/score/getScoreList,admin,2026-06-04 23:12:06,0.079
2026-06-04 23:12:07,075 [http-nio-22222-exec-6] INFO  c.e.s.j.s.c.JwtAuthenticationFilter                - /api/courseSelection/all,admin,2026-06-04 23:12:06,0.085
2026-06-04 23:12:36,410 [http-nio-22222-exec-5] INFO  c.e.s.j.s.c.JwtAuthenticationFilter                - /api/innovationAchievement/all,admin,2026-06-04 23:12:36,0.063
2026-06-04 23:12:37,087 [http-nio-22222-exec-7] WARN  o.s.w.s.m.s.DefaultHandlerExceptionResolver        - Resolved [org.springframework.web.HttpRequestMethodNotSupportedException: Request method 'POST' is not supported]
2026-06-04 23:12:37,087 [http-nio-22222-exec-7] INFO  c.e.s.j.s.c.JwtAuthenticationFilter                - /api/approvalWorkflow/all,admin,2026-06-04 23:12:37,0.048
2026-06-04 23:12:40,135 [http-nio-22222-exec-9] WARN  o.s.w.s.m.s.DefaultHandlerExceptionResolver        - Resolved [org.springframework.web.HttpRequestMethodNotSupportedException: Request method 'POST' is not supported]
2026-06-04 23:12:40,136 [http-nio-22222-exec-9] INFO  c.e.s.j.s.c.JwtAuthenticationFilter                - /api/scoreSubmission/all,admin,2026-06-04 23:12:40,0.046
2026-06-04 23:12:42,111 [http-nio-22222-exec-1] INFO  c.e.s.j.s.c.JwtAuthenticationFilter                - /api/attendance/all,admin,2026-06-04 23:12:42,0.099
2026-06-04 23:12:46,202 [http-nio-22222-exec-3] INFO  c.e.s.j.s.c.JwtAuthenticationFilter                - /api/base/getMenuTreeNodeList,admin,2026-06-04 23:12:45,0.246
2026-06-04 23:12:46,649 [http-nio-22222-exec-5] INFO  c.e.s.j.s.c.JwtAuthenticationFilter                - /api/base/getDictionaryTreeNodeList,admin,2026-06-04 23:12:46,0.072
2026-06-04 23:12:46,876 [http-nio-22222-exec-8] INFO  c.e.s.j.s.c.JwtAuthenticationFilter                - /api/base/getDictionaryTreeNodeList,admin,2026-06-04 23:12:46,0.061
2026-06-04 23:12:47,040 [http-nio-22222-exec-10] INFO  c.e.s.j.s.c.JwtAuthenticationFilter                - /api/base/getDictionaryTreeNodeList,admin,2026-06-04 23:12:46,0.076
2026-06-04 23:12:47,471 [http-nio-22222-exec-7] INFO  c.e.s.j.s.c.JwtAuthenticationFilter                - /api/base/getMenuTreeNodeList,admin,2026-06-04 23:12:47,0.172
2026-06-04 23:12:48,062 [http-nio-22222-exec-9] INFO  c.e.s.j.s.c.JwtAuthenticationFilter                - /api/base/getMenuTreeNodeList,admin,2026-06-04 23:12:47,0.2
2026-06-04 23:12:51,002 [http-nio-22222-exec-6] INFO  c.e.s.j.s.c.JwtAuthenticationFilter                - /api/base/getDataBaseUserName,2022030001,2026-06-04 23:12:50,0.036
2026-06-04 23:12:51,098 [http-nio-22222-exec-1] INFO  c.e.s.j.s.c.JwtAuthenticationFilter                - /api/base/getMenuList,2022030001,2026-06-04 23:12:51,0.092
2026-06-04 23:12:54,507 [http-nio-22222-exec-6] INFO  c.e.s.j.s.c.JwtAuthenticationFilter                - /api/student/getStudentList,2022030001,2026-06-04 23:12:54,0.069
2026-06-04 23:12:54,550 [http-nio-22222-exec-1] INFO  c.e.s.j.s.c.JwtAuthenticationFilter                - /api/base/getDictionaryOptionItemList,2022030001,2026-06-04 23:12:54,0.038
2026-06-04 23:12:55,299 [http-nio-22222-exec-3] INFO  c.e.s.j.s.c.JwtAuthenticationFilter                - /api/courseSelection/all,2022030001,2026-06-04 23:12:55,0.084
2026-06-04 23:13:01,079 [http-nio-22222-exec-7] INFO  c.e.s.j.s.c.JwtAuthenticationFilter                - /api/attendance/all,2022030001,2026-06-04 23:13:00,0.085
2026-06-04 23:13:01,976 [http-nio-22222-exec-10] INFO  c.e.s.j.s.c.JwtAuthenticationFilter                - /api/innovationAchievement/all,2022030001,2026-06-04 23:13:01,0.074
2026-06-04 23:13:02,712 [http-nio-22222-exec-4] INFO  c.e.s.j.s.c.JwtAuthenticationFilter                - /api/studentLeave/getTeacherItemOptionList,2022030001,2026-06-04 23:13:02,0.086
2026-06-04 23:13:02,763 [http-nio-22222-exec-6] INFO  c.e.s.j.s.c.JwtAuthenticationFilter                - /api/base/getDictionaryOptionItemList,2022030001,2026-06-04 23:13:02,0.047
2026-06-04 23:13:02,833 [http-nio-22222-exec-1] INFO  c.e.s.j.s.c.JwtAuthenticationFilter                - /api/studentLeave/getStudentLeaveList,2022030001,2026-06-04 23:13:02,0.066
2026-06-04 23:13:03,224 [http-nio-22222-exec-7] WARN  o.s.w.s.m.s.DefaultHandlerExceptionResolver        - Resolved [org.springframework.web.HttpRequestMethodNotSupportedException: Request method 'POST' is not supported]
2026-06-04 23:13:03,225 [http-nio-22222-exec-7] INFO  c.e.s.j.s.c.JwtAuthenticationFilter                - /api/scoreSubmission/all,2022030001,2026-06-04 23:13:03,0.083
2026-06-04 23:29:00,582 [http-nio-22222-exec-6] INFO  c.e.s.j.s.c.JwtAuthenticationFilter                - /api/base/getDataBaseUserName,admin,2026-06-04 23:29:00,0.023
2026-06-04 23:29:00,701 [http-nio-22222-exec-1] INFO  c.e.s.j.s.c.JwtAuthenticationFilter                - /api/base/getMenuList,admin,2026-06-04 23:29:00,0.114
2026-06-04 23:29:03,500 [http-nio-22222-exec-9] INFO  c.e.s.j.s.c.JwtAuthenticationFilter                - /api/base/getMenuTreeNodeList,admin,2026-06-04 23:29:03,0.167
2026-06-04 23:29:03,673 [http-nio-22222-exec-8] INFO  c.e.s.j.s.c.JwtAuthenticationFilter                - /api/base/getMenuTreeNodeList,admin,2026-06-04 23:29:03,0.152
2026-06-04 23:29:04,028 [http-nio-22222-exec-10] INFO  c.e.s.j.s.c.JwtAuthenticationFilter                - /api/base/getDictionaryTreeNodeList,admin,2026-06-04 23:29:03,0.06
2026-06-04 23:29:04,241 [http-nio-22222-exec-4] INFO  c.e.s.j.s.c.JwtAuthenticationFilter                - /api/base/getDictionaryTreeNodeList,admin,2026-06-04 23:29:04,0.063
2026-06-04 23:29:04,394 [http-nio-22222-exec-6] INFO  c.e.s.j.s.c.JwtAuthenticationFilter                - /api/base/getDictionaryTreeNodeList,admin,2026-06-04 23:29:04,0.059
2026-06-04 23:32:08,865 [http-nio-22222-exec-7] INFO  c.e.s.j.s.c.JwtAuthenticationFilter                - /api/base/getDataBaseUserName,admin,2026-06-04 23:32:08,0.038
2026-06-04 23:32:09,041 [http-nio-22222-exec-5] INFO  c.e.s.j.s.c.JwtAuthenticationFilter                - /api/base/getMenuList,admin,2026-06-04 23:32:08,0.17
2026-06-04 23:32:12,853 [http-nio-22222-exec-10] INFO  c.e.s.j.s.c.JwtAuthenticationFilter                - /api/base/getMenuTreeNodeList,admin,2026-06-04 23:32:12,0.147
2026-06-04 23:32:13,136 [http-nio-22222-exec-4] INFO  c.e.s.j.s.c.JwtAuthenticationFilter                - /api/base/getMenuTreeNodeList,admin,2026-06-04 23:32:12,0.168
2026-06-04 23:32:13,333 [http-nio-22222-exec-3] INFO  c.e.s.j.s.c.JwtAuthenticationFilter                - /api/base/getMenuTreeNodeList,admin,2026-06-04 23:32:13,0.147
2026-06-04 23:32:13,514 [http-nio-22222-exec-8] INFO  c.e.s.j.s.c.JwtAuthenticationFilter                - /api/base/getMenuTreeNodeList,admin,2026-06-04 23:32:13,0.15
2026-06-04 23:32:14,035 [http-nio-22222-exec-2] INFO  c.e.s.j.s.c.JwtAuthenticationFilter                - /api/base/getDictionaryTreeNodeList,admin,2026-06-04 23:32:13,0.072
2026-06-04 23:32:14,216 [http-nio-22222-exec-7] INFO  c.e.s.j.s.c.JwtAuthenticationFilter                - /api/base/getDictionaryTreeNodeList,admin,2026-06-04 23:32:14,0.077
2026-06-04 23:32:14,346 [http-nio-22222-exec-5] INFO  c.e.s.j.s.c.JwtAuthenticationFilter                - /api/base/getDictionaryTreeNodeList,admin,2026-06-04 23:32:14,0.056
2026-06-04 23:32:14,556 [http-nio-22222-exec-10] INFO  c.e.s.j.s.c.JwtAuthenticationFilter                - /api/base/getDictionaryTreeNodeList,admin,2026-06-04 23:32:14,0.116
2026-06-04 23:32:14,761 [http-nio-22222-exec-1] INFO  c.e.s.j.s.c.JwtAuthenticationFilter                - /api/base/getDictionaryTreeNodeList,admin,2026-06-04 23:32:14,0.166
2026-06-04 23:32:16,040 [http-nio-22222-exec-6] INFO  c.e.s.j.s.c.JwtAuthenticationFilter                - /api/base/getDictionaryTreeNodeList,admin,2026-06-04 23:32:15,0.122
2026-06-04 23:32:16,409 [http-nio-22222-exec-9] INFO  c.e.s.j.s.c.JwtAuthenticationFilter                - /api/base/getDictionaryTreeNodeList,admin,2026-06-04 23:32:16,0.078
2026-06-04 23:32:16,558 [http-nio-22222-exec-4] INFO  c.e.s.j.s.c.JwtAuthenticationFilter                - /api/base/getDictionaryTreeNodeList,admin,2026-06-04 23:32:16,0.056
2026-06-04 23:32:16,701 [http-nio-22222-exec-3] INFO  c.e.s.j.s.c.JwtAuthenticationFilter                - /api/base/getDictionaryTreeNodeList,admin,2026-06-04 23:32:16,0.057
2026-06-04 23:32:16,877 [http-nio-22222-exec-8] INFO  c.e.s.j.s.c.JwtAuthenticationFilter                - /api/base/getDictionaryTreeNodeList,admin,2026-06-04 23:32:16,0.076
2026-06-04 23:32:17,135 [http-nio-22222-exec-2] INFO  c.e.s.j.s.c.JwtAuthenticationFilter                - /api/base/getDictionaryTreeNodeList,admin,2026-06-04 23:32:17,0.079
2026-06-04 23:32:17,557 [http-nio-22222-exec-10] INFO  c.e.s.j.s.c.JwtAuthenticationFilter                - /api/base/getMenuTreeNodeList,admin,2026-06-04 23:32:17,0.154
2026-06-04 23:32:17,753 [http-nio-22222-exec-5] INFO  c.e.s.j.s.c.JwtAuthenticationFilter                - /api/base/getMenuTreeNodeList,admin,2026-06-04 23:32:17,0.14
2026-06-04 23:32:20,978 [http-nio-22222-exec-9] INFO  c.e.s.j.s.c.JwtAuthenticationFilter                - /api/base/getDictionaryTreeNodeList,admin,2026-06-04 23:32:20,0.054
2026-06-04 23:33:06,382 [http-nio-22222-exec-4] INFO  c.e.s.j.s.c.JwtAuthenticationFilter                - /api/base/getDictionaryTreeNodeList,admin,2026-06-04 23:33:06,0.064
2026-06-04 23:36:13,653 [http-nio-22222-exec-10] INFO  c.e.s.j.s.c.JwtAuthenticationFilter                - /api/base/getDataBaseUserName,admin,2026-06-04 23:36:13,0.021
2026-06-04 23:36:13,752 [http-nio-22222-exec-5] INFO  c.e.s.j.s.c.JwtAuthenticationFilter                - /api/base/getMenuList,admin,2026-06-04 23:36:13,0.094
2026-06-04 23:36:16,334 [http-nio-22222-exec-9] INFO  c.e.s.j.s.c.JwtAuthenticationFilter                - /api/base/getDictionaryTreeNodeList,admin,2026-06-04 23:36:16,0.066
2026-06-04 23:36:25,387 [http-nio-22222-exec-6] INFO  c.e.s.j.s.c.JwtAuthenticationFilter                - /api/base/getMenuTreeNodeList,admin,2026-06-04 23:36:25,0.152
